,index,ClientID,IncomeEndDateExit,IncomeExit,IncomeSourceExit,IncomeStartDateExit,MonthlyIncomeExit
0,0,425991,,Yes,Other (HUD),4/6/2016,400.0
1,1,491530,,Yes,Earned Income (HUD),9/19/2018,1600.0
2,2,172046,,Yes,SSDI (HUD),1/1/2014,733.0
3,4,434193,,Yes,Pension or retirement income from another job (HUD),8/1/2016,1300.0
4,5,434193,,Yes,SSDI (HUD),8/1/2016,1852.0
5,6,368693,,Yes,Earned Income (HUD),4/10/2017,250.0
6,7,368693,,Yes,Retirement Income From Social Security (HUD),4/10/2017,1450.0
7,16,401492,,Yes,SSDI (HUD),6/6/2015,229.0
8,17,401492,,Yes,SSI (HUD),6/6/2015,524.0
9,18,401494,,Yes,SSI (HUD),6/3/2015,488.0
10,20,401495,,Yes,Earned Income (HUD),6/3/2015,1500.0
11,22,401497,,Yes,SSI (HUD),6/2/2015,733.0
12,24,417907,,Yes,Earned Income (HUD),1/3/2019,1200.0
13,25,286837,,Yes,SSDI (HUD),6/20/2018,1116.0
14,27,196740,,Yes,Earned Income (HUD),8/22/2018,500.0
15,28,360593,,Yes,SSDI (HUD),1/4/2016,733.0
16,31,295069,,Yes,Earned Income (HUD),6/1/2017,1000.0
17,32,450717,,Yes,Earned Income (HUD),3/6/2017,300.0
18,33,450719,,Yes,SSDI (HUD),3/4/2017,731.0
19,34,123044,,Yes,Earned Income (HUD),12/6/2016,1600.0
20,35,450723,,Yes,SSDI (HUD),3/6/2017,611.0
21,36,450723,,Yes,SSI (HUD),3/6/2017,142.0
22,39,450723,,Yes,SSI (HUD),7/28/2017,755.0
23,40,401581,,Yes,SSI (HUD),12/22/2015,733.0
24,42,467120,,Yes,Earned Income (HUD),10/30/2017,800.0
25,43,409781,,Yes,Earned Income (HUD),2/28/2018,360.0
26,44,467133,,Yes,Earned Income (HUD),10/24/2017,600.0
27,45,467137,5/7/2018,Yes,SSI (HUD),10/24/2017,715.0
28,46,467137,,Yes,SSI (HUD),5/8/2018,770.0
29,48,172231,,Yes,SSDI (HUD),5/3/2015,798.0
30,49,188617,,Yes,Earned Income (HUD),4/9/2015,800.0
31,50,393430,,Yes,SSDI (HUD),2/23/2015,1200.0
32,51,442585,,Yes,Earned Income (HUD),9/29/2017,500.0
33,52,385243,,Yes,SSDI (HUD),2/7/2017,964.0
34,53,401629,,Yes,SSDI (HUD),6/2/1978,650.0
35,54,401629,,Yes,SSI (HUD),6/2/1978,101.0
36,55,475362,,Yes,SSI (HUD),2/26/2018,750.0
37,58,270571,,Yes,SSI (HUD),11/2/2011,674.0
38,61,409835,,Yes,General Assistance (HUD),10/7/2017,1200.0
39,62,270573,12/31/2017,Yes,SSI (HUD),9/12/2016,731.0
40,63,483566,,Yes,SSDI (HUD),4/23/2019,1200.0
41,64,499959,,Yes,SSDI (HUD),1/6/2019,1400.0
42,66,377081,,Yes,Earned Income (HUD),1/8/2015,1000.0
43,67,164096,,Yes,SSDI (HUD),3/7/2011,903.0
44,68,98566,,Yes,VA Service Connected Disability Compensation (HUD),12/12/2017,761.0
45,69,123153,,Yes,SSI (HUD),1/31/2012,733.0
46,70,123153,,Yes,SSI (HUD),1/31/2015,733.0
47,75,123153,,Yes,SSI (HUD),4/11/2015,733.0
48,76,98579,,Yes,SSDI (HUD),10/28/1998,827.0
49,77,98579,,Yes,SSDI (HUD),4/9/2003,692.0
50,80,459027,,Yes,General Assistance (HUD),9/18/2017,1200.0
51,81,459027,,Yes,SSDI (HUD),9/18/2017,964.0
52,82,213268,,Yes,Alimony or Other Spousal Support (HUD),5/30/2015,400.0
53,83,213268,,Yes,,11/10/2010,111.0
54,84,16664,,Yes,SSI (HUD),11/2/2015,734.0
55,85,164121,2/1/2016,Yes,Other (HUD),11/1/2015,100.0
56,87,164121,,Yes,Earned Income (HUD),4/18/2016,1500.0
57,91,139570,,Yes,SSI (HUD),1/10/2016,733.0
58,92,385332,,Yes,SSI (HUD),11/27/2014,648.0
59,103,426300,,Yes,Earned Income (HUD),7/25/2016,800.0
60,104,336186,,Yes,Earned Income (HUD),8/10/2015,300.0
61,105,393541,,Yes,Earned Income (HUD),2/24/2015,400.0
62,107,287048,12/18/2018,Yes,Worker's Compensation (HUD),3/28/2018,1200.0
63,110,287048,,Yes,Earned Income (HUD),1/27/2019,1440.0
64,115,450898,,Yes,SSI (HUD),3/20/2017,735.0
65,116,450898,,Yes,SSI (HUD),3/28/2017,735.0
66,117,205139,,Yes,SSI (HUD),7/29/2019,746.0
67,118,180564,,Yes,SSI (HUD),2/1/2012,400.0
68,119,311656,,Yes,Earned Income (HUD),12/30/2015,1600.0
69,120,311660,,Yes,Earned Income (HUD),7/8/2019,600.0
70,121,311660,,Yes,SSDI (HUD),7/8/2019,1100.0
71,122,311660,7/7/2019,Yes,SSDI (HUD),1/1/2014,1006.0
72,123,115069,,Yes,Retirement Income From Social Security (HUD),11/17/2015,317.0
73,125,115069,,Yes,SSI (HUD),9/25/2017,1224.0
74,126,172434,,Yes,SSDI (HUD),10/2/2015,1127.0
75,130,352684,,Yes,Earned Income (HUD),3/29/2016,1400.0
76,132,385456,,Yes,SSI (HUD),4/1/2015,733.0
77,133,418225,,Yes,SSDI (HUD),12/7/2015,695.0
78,139,385459,,Yes,Earned Income (HUD),10/3/2009,570.0
79,140,483773,,Yes,VA Service Connected Disability Compensation (HUD),6/6/2018,3200.0
80,141,172490,,Yes,Earned Income (HUD),5/19/2019,1680.0
81,142,401866,,Yes,Earned Income (HUD),5/13/2015,2100.0
82,144,147927,,Yes,SSDI (HUD),6/15/2016,751.0
83,147,106968,,Yes,SSI (HUD),2/1/2019,771.0
84,149,213477,,Yes,Earned Income (HUD),9/6/2016,800.0
85,151,147955,,Yes,Earned Income (HUD),7/29/2009,500.0
86,152,385539,,Yes,SSI (HUD),12/1/2014,250.0
87,153,385539,,Yes,VA Service Connected Disability Compensation (HUD),12/1/2014,1080.0
88,162,164357,,Yes,SSI (HUD),10/21/2015,734.0
89,164,434697,,Yes,SSDI (HUD),8/5/2016,740.0
90,165,426506,,Yes,SSDI (HUD),4/13/2016,864.0
91,167,434699,,Yes,Other (HUD),8/7/2016,25.0
92,168,434699,,Yes,Unemployment Insurance (HUD),8/7/2016,300.0
93,169,426508,,Yes,Earned Income (HUD),6/1/2016,500.0
94,170,426508,,Yes,SSDI (HUD),4/13/2016,770.0
95,173,434698,,Yes,SSI (HUD),8/7/2016,733.0
96,174,434700,,Yes,Earned Income (HUD),8/7/2016,2400.0
97,175,377361,,Yes,SSDI (HUD),2/20/2019,1333.0
98,177,492054,,Yes,SSI (HUD),9/20/2018,745.0
99,179,279075,,Yes,Earned Income (HUD),7/20/2016,800.0
100,180,410155,,Yes,Earned Income (HUD),11/23/2015,1148.0
101,181,475701,12/1/2018,Yes,SSDI (HUD),2/18/2018,642.0
102,182,475701,,Yes,SSDI (HUD),12/6/2018,656.4
103,183,197176,12/31/2016,Yes,Earned Income (HUD),8/6/2016,800.0
104,185,197176,,Yes,Earned Income (HUD),4/15/2019,2000.0
105,186,401978,,Yes,Earned Income (HUD),4/16/2015,1000.0
106,187,401978,,Yes,Pension or retirement income from another job (HUD),6/16/2004,2200.0
107,190,418365,,Yes,SSI (HUD),12/14/2015,620.0
108,192,418366,,Yes,SSI (HUD),12/14/2015,733.0
109,194,418367,,Yes,Earned Income (HUD),12/14/2015,1000.0
110,195,401982,,Yes,Other (HUD),12/19/2016,1300.0
111,196,401982,,Yes,Retirement Income From Social Security (HUD),7/1/2015,1300.0
112,203,442949,,Yes,SSI (HUD),12/5/2016,734.0
113,206,1000005,,Yes,Earned Income (HUD),7/31/2019,2200.0
114,207,393810,,Yes,Earned Income (HUD),2/28/2015,1400.0
115,208,172627,,Yes,SSI (HUD),8/1/2015,733.0
116,209,90711,,Yes,SSDI (HUD),8/15/2015,800.0
117,212,287330,12/31/2016,Yes,Earned Income (HUD),6/1/2016,75.0
118,213,287330,,Yes,General Assistance (HUD),7/4/2018,2200.0
119,214,451176,,Yes,SSDI (HUD),3/20/2017,705.0
120,215,451176,,Yes,SSI (HUD),3/20/2017,50.0
121,216,344680,12/23/2018,Yes,Worker's Compensation (HUD),5/14/2018,800.0
122,217,410222,,Yes,Earned Income (HUD),9/3/2015,350.0
123,218,303733,,Yes,Earned Income (HUD),6/2/2016,1600.0
124,219,344698,,Yes,SSI (HUD),10/14/2019,771.0
125,220,270976,,Yes,SSI (HUD),2/16/2015,733.0
126,223,451207,,Yes,Earned Income (HUD),3/13/2017,1200.0
127,224,434832,,Yes,SSDI (HUD),4/23/2018,880.0
128,227,180890,,Yes,SSDI (HUD),4/3/2018,884.0
129,228,369309,8/11/2019,Yes,Earned Income (HUD),12/16/2016,600.0
130,230,189093,,Yes,SSDI (HUD),11/4/2013,700.0
131,231,189093,,Yes,VA Service Connected Disability Compensation (HUD),11/4/2013,569.0
132,232,287399,,Yes,SSDI (HUD),1/14/2014,1384.0
133,238,443052,,Yes,Pension or retirement income from another job (HUD),4/3/2018,440.0
134,239,443052,,Yes,Retirement Income From Social Security (HUD),4/3/2018,1654.0
135,240,1000110,,Yes,SSDI (HUD),6/11/2019,1170.0
136,241,189102,,Yes,Earned Income (HUD),8/26/2019,1000.0
137,242,467633,,Yes,Earned Income (HUD),11/1/2017,200.0
138,244,1000112,,Yes,SSI (HUD),6/10/2019,771.0
139,245,467639,,Yes,SSDI (HUD),7/12/2019,460.0
140,246,467639,,Yes,SSI (HUD),7/12/2019,331.0
141,247,1000135,,Yes,Earned Income (HUD),9/6/2019,400.0
142,249,402129,,Yes,Other (HUD),1/1/2014,1300.0
143,250,402130,,Yes,Earned Income (HUD),7/12/2015,1000.0
144,259,402130,5/21/2019,Yes,Earned Income (HUD),8/1/2016,1200.0
145,261,402130,,Yes,Earned Income (HUD),5/22/2019,1600.0
146,265,352986,,Yes,SSDI (HUD),3/28/2016,841.0
147,267,418524,,Yes,SSDI (HUD),6/4/2018,739.0
148,268,254693,,Yes,SSDI (HUD),3/25/2016,950.0
149,269,254693,,Yes,SSI (HUD),8/12/2011,733.0
150,271,230119,,Yes,Earned Income (HUD),10/1/2018,1600.0
151,273,484080,,Yes,Retirement Income From Social Security (HUD),5/1/2018,1200.0
152,274,443138,,Yes,Earned Income (HUD),5/11/2017,2000.0
153,275,418563,,Yes,Earned Income (HUD),10/1/2016,1200.0
154,279,434958,,Yes,SSDI (HUD),8/4/2016,1500.0
155,281,8993,,Yes,Pension or retirement income from another job (HUD),1/1/2015,1300.0
156,282,8993,,Yes,Pension or retirement income from another job (HUD),5/30/2016,1300.0
157,285,467749,,Yes,SSDI (HUD),12/28/2018,764.0
158,286,467749,,Yes,SSI (HUD),9/5/2018,27.0
159,287,508715,9/2/2019,Yes,Earned Income (HUD),4/23/2019,1600.0
160,289,508716,7/21/2019,Yes,Earned Income (HUD),4/23/2019,2000.0
161,290,508718,,Yes,Earned Income (HUD),4/23/2019,500.0
162,291,508718,,Yes,Earned Income (HUD),4/24/2019,600.0
163,296,394031,,Yes,Earned Income (HUD),4/21/2015,200.0
164,300,394031,,Yes,Earned Income (HUD),10/25/2017,800.0
165,303,394031,,Yes,Earned Income (HUD),5/15/2018,1760.0
166,306,508723,,Yes,Earned Income (HUD),4/23/2019,600.0
167,307,508724,,Yes,SSDI (HUD),4/23/2019,700.0
168,309,418616,,Yes,VA Service Connected Disability Compensation (HUD),5/12/2016,1059.0
169,311,172864,,Yes,Earned Income (HUD),9/15/2016,2000.0
170,312,385858,,Yes,Retirement Income From Social Security (HUD),11/25/2015,693.0
171,313,172878,,Yes,Earned Income (HUD),6/3/2019,900.0
172,314,402256,,Yes,Earned Income (HUD),12/1/2015,1680.0
173,316,402257,,Yes,Earned Income (HUD),3/18/2016,800.0
174,318,402258,,Yes,SSI (HUD),3/8/2018,770.0
175,319,385886,,Yes,SSI (HUD),5/28/2016,730.0
176,320,476011,,Yes,Earned Income (HUD),5/29/2019,695.0
177,321,476015,,Yes,Earned Income (HUD),2/26/2018,800.0
178,322,1000314,,Yes,Earned Income (HUD),8/8/2019,1104.0
179,323,1000315,,Yes,Earned Income (HUD),7/18/2019,1400.0
180,324,500604,,Yes,SSI (HUD),1/11/2019,671.0
181,325,508797,,Yes,Earned Income (HUD),4/24/2019,800.0
182,326,508798,,Yes,SSI (HUD),4/24/2019,1200.0
183,327,287618,,Yes,SSI (HUD),12/4/2016,733.0
184,329,435077,10/31/2018,Yes,Earned Income (HUD),6/11/2017,1900.0
185,330,435077,,Yes,Earned Income (HUD),10/22/2018,2240.0
186,331,353160,,Yes,SSI (HUD),4/10/2019,780.0
187,332,451491,,Yes,SSI (HUD),3/17/2017,735.0
188,336,508838,,Yes,Earned Income (HUD),4/23/2019,1800.0
189,337,426926,,Yes,Earned Income (HUD),11/17/2018,1540.0
190,338,369588,,Yes,Earned Income (HUD),2/3/2015,560.0
191,340,271290,,Yes,SSI (HUD),3/5/2018,750.0
192,342,443341,,Yes,Retirement Income From Social Security (HUD),11/9/2016,644.0
193,343,443341,,Yes,VA Non-Service Connected Disability Pension (HUD),11/9/2016,433.0
194,344,410574,,Yes,VA Service Connected Disability Compensation (HUD),9/1/2015,268.0
195,347,418774,,Yes,SSDI (HUD),12/18/2015,1900.0
196,348,353253,,Yes,SSI (HUD),10/2/2017,942.0
197,350,123882,,Yes,Retirement Income From Social Security (HUD),2/6/2013,744.0
198,351,123882,,Yes,VA Service Connected Disability Compensation (HUD),1/1/2014,1288.0
199,360,279539,,Yes,SSI (HUD),7/4/2013,700.0
200,361,279552,,Yes,Earned Income (HUD),11/6/2017,1400.0
201,362,1000452,,Yes,SSDI (HUD),6/22/2019,750.0
202,363,205865,,Yes,SSDI (HUD),8/6/2019,721.0
203,365,82986,,Yes,Earned Income (HUD),1/29/2003,960.0
204,366,181293,,Yes,Earned Income (HUD),6/19/2019,2000.0
205,368,492595,,Yes,SSI (HUD),9/21/2018,750.0
206,369,9273,3/24/2019,Yes,Earned Income (HUD),8/1/2016,800.0
207,370,9273,,Yes,Earned Income (HUD),4/15/2019,1760.0
208,371,418876,,Yes,Earned Income (HUD),6/1/2016,1200.0
209,372,443459,,Yes,SSI (HUD),11/5/2016,733.0
210,373,500803,,Yes,Earned Income (HUD),1/10/2019,1200.0
211,374,1096,,Yes,VA Non-Service Connected Disability Pension (HUD),11/20/2017,1015.0
212,375,1097,,Yes,SSI (HUD),1/12/2018,748.0
213,376,476246,,Yes,SSDI (HUD),6/20/2019,1490.0
214,377,214111,,Yes,SSI (HUD),5/23/2017,600.0
215,378,451680,,Yes,Retirement Income From Social Security (HUD),5/8/2017,900.0
216,381,418916,,Yes,SSI (HUD),9/9/2019,771.0
217,382,402534,,Yes,SSDI (HUD),5/17/2015,498.0
218,383,164980,,Yes,SSI (HUD),5/8/2018,772.0
219,384,361596,,Yes,Retirement Income From Social Security (HUD),1/1/2007,900.0
220,388,427134,,Yes,SSDI (HUD),4/21/2016,132.0
221,389,427134,,Yes,SSI (HUD),4/21/2016,652.0
222,390,500865,3/15/2019,Yes,Earned Income (HUD),1/16/2019,525.0
223,391,500865,,Yes,Earned Income (HUD),3/19/2019,1440.0
224,392,492690,,Yes,Earned Income (HUD),12/21/2018,1190.0
225,393,279736,,Yes,Earned Income (HUD),5/11/2014,1200.0
226,394,468158,,Yes,SSDI (HUD),1/26/2018,1200.0
227,395,468158,,Yes,Earned Income (HUD),10/16/2018,2000.0
228,397,435403,,Yes,Earned Income (HUD),11/1/2016,600.0
229,398,435403,,Yes,SSDI (HUD),7/26/2016,363.0
230,399,435403,,Yes,SSI (HUD),7/26/2016,355.0
231,400,468177,,Yes,General Assistance (HUD),11/9/2017,600.0
232,401,468179,4/1/2018,Yes,General Assistance (HUD),11/13/2017,750.0
233,402,451796,,Yes,SSDI (HUD),3/22/2017,1124.0
234,403,451797,,Yes,SSDI (HUD),3/22/2017,750.0
235,404,394449,,Yes,General Assistance (HUD),12/1/2017,2800.0
236,405,91355,,Yes,SSDI (HUD),10/19/2019,691.0
237,406,320781,,Yes,SSDI (HUD),11/10/1993,900.0
238,443,427284,,Yes,Earned Income (HUD),6/28/2017,800.0
239,445,427284,,Yes,Earned Income (HUD),7/29/2019,600.0
240,446,427284,,Yes,Other (HUD),8/13/2018,800.0
241,447,124181,,Yes,Pension or retirement income from another job (HUD),2/26/2018,1800.0
242,449,476451,,Yes,SSI (HUD),3/15/2018,750.0
243,450,419118,,Yes,SSI (HUD),12/24/2015,733.0
244,451,1000750,,Yes,SSDI (HUD),7/1/2019,647.0
245,452,419122,,Yes,Earned Income (HUD),12/23/2015,600.0
246,453,419123,,Yes,Earned Income (HUD),12/26/2015,2000.0
247,454,419124,,Yes,Earned Income (HUD),9/11/2017,200.0
248,460,509239,,Yes,SSI (HUD),4/29/2019,1394.0
249,461,451900,,Yes,Earned Income (HUD),3/23/2017,2400.0
250,463,451901,,Yes,Earned Income (HUD),3/23/2017,1100.0
251,465,484673,,Yes,Earned Income (HUD),2/14/2019,400.0
252,466,484674,,Yes,Retirement Income From Social Security (HUD),6/18/2018,815.0
253,467,140619,,Yes,SSDI (HUD),12/8/2016,886.0
254,468,288078,,Yes,SSI (HUD),11/17/2015,733.0
255,470,394581,,Yes,SSI (HUD),3/8/1991,733.0
256,471,83289,,Yes,SSDI (HUD),7/8/2019,825.0
257,472,427359,,Yes,Retirement Income From Social Security (HUD),7/31/2017,733.0
258,473,427360,,Yes,Earned Income (HUD),7/29/2019,600.0
259,474,173408,,Yes,Worker's Compensation (HUD),5/2/2018,100.0
260,475,419171,,Yes,Earned Income (HUD),6/25/2019,1440.0
261,476,189803,,Yes,SSI (HUD),2/6/2017,732.0
262,481,451981,12/23/2018,Yes,Earned Income (HUD),3/26/2017,1300.0
263,482,451981,,Yes,Earned Income (HUD),12/24/2018,1200.0
264,483,451981,,Yes,Earned Income (HUD),3/1/2019,2400.0
265,484,460180,,Yes,SSDI (HUD),8/3/2017,936.0
266,485,173479,,Yes,SSI (HUD),4/17/2018,2136.0
267,486,198059,,Yes,SSDI (HUD),12/6/2017,620.0
268,487,9647,,Yes,SSI (HUD),1/3/2017,735.0
269,489,312758,3/3/2019,Yes,Earned Income (HUD),4/9/2018,500.0
270,490,476599,,Yes,Other (HUD),3/5/2018,1135.0
271,491,173498,,Yes,SSDI (HUD),4/28/2015,789.0
272,492,173498,,Yes,VA Service Connected Disability Compensation (HUD),4/28/2015,1700.0
273,493,501202,,Yes,SSI (HUD),1/21/2019,740.0
274,494,501203,,Yes,SSI (HUD),1/22/2019,70.0
275,495,181716,,Yes,SSI (HUD),4/21/2016,747.0
276,499,181716,,Yes,SSI (HUD),5/6/2016,747.0
277,504,493023,,Yes,Earned Income (HUD),10/7/2018,600.0
278,505,320994,,Yes,Earned Income (HUD),7/23/2018,1600.0
279,507,1000940,,Yes,Earned Income (HUD),8/18/2019,1600.0
280,508,1000940,,Yes,Earned Income (HUD),9/2/2019,720.0
281,509,124396,,Yes,Earned Income (HUD),9/23/2014,800.0
282,510,345581,,Yes,Earned Income (HUD),2/15/2015,1920.0
283,511,329213,,Yes,SSI (HUD),11/5/2015,680.0
284,514,329213,,Yes,SSI (HUD),10/10/2019,730.0
285,517,9728,,Yes,SSDI (HUD),10/22/2013,650.0
286,519,198146,,Yes,SSDI (HUD),5/7/2018,830.0
287,520,386564,,Yes,SSDI (HUD),9/4/2018,853.0
288,522,222730,,Yes,SSI (HUD),12/8/2016,730.0
289,529,427535,,Yes,SSDI (HUD),4/20/2016,1606.0
290,532,288272,,Yes,Earned Income (HUD),1/18/2016,1600.0
291,536,288272,,Yes,Earned Income (HUD),4/19/2016,1600.0
292,539,288272,,Yes,Earned Income (HUD),10/1/2016,900.0
293,543,452111,,Yes,Earned Income (HUD),3/27/2017,2000.0
294,544,1000985,,Yes,Retirement Income From Social Security (HUD),7/15/2019,500.0
295,545,222747,,Yes,SSDI (HUD),8/24/2016,825.0
296,546,222747,,Yes,VA Service Connected Disability Compensation (HUD),8/24/2016,133.0
297,547,443933,,Yes,Earned Income (HUD),10/16/2017,1200.0
298,549,370204,,Yes,Earned Income (HUD),6/14/2014,150.0
299,551,460322,,Yes,Earned Income (HUD),8/6/2017,1360.0
300,552,460324,,Yes,Earned Income (HUD),8/5/2017,2000.0
301,553,460325,,Yes,SSI (HUD),8/5/2017,733.0
302,554,476716,,Yes,Earned Income (HUD),11/5/2018,960.0
303,555,280121,,Yes,SSDI (HUD),4/8/2015,1540.0
304,564,419389,,Yes,Earned Income (HUD),8/26/2018,4000.0
305,565,419389,,Yes,Earned Income (HUD),9/3/2018,400.0
306,566,419391,,Yes,Earned Income (HUD),1/3/2016,2000.0
307,572,419391,,Yes,Earned Income (HUD),10/1/2019,700.0
308,577,484927,,Yes,SSI (HUD),6/20/2018,1200.0
309,578,280135,,Yes,SSDI (HUD),9/15/2017,1056.0
310,579,394826,11/18/2018,Yes,Earned Income (HUD),1/1/2016,800.0
311,580,394826,,Yes,Earned Income (HUD),4/1/2019,600.0
312,581,468555,,Yes,SSI (HUD),7/28/2015,733.0
313,582,468555,,Yes,SSI (HUD),2/13/2016,733.0
314,586,468562,,Yes,SSDI (HUD),11/15/2017,660.0
315,587,468562,,Yes,SSI (HUD),11/15/2017,89.0
316,588,67161,,Yes,SSI (HUD),5/12/2016,733.0
317,590,452193,,Yes,SSDI (HUD),3/25/2017,857.0
318,591,501345,,Yes,SSDI (HUD),1/22/2019,928.0
319,592,501347,,Yes,SSI (HUD),1/22/2019,771.0
320,593,296552,,Yes,SSDI (HUD),9/6/2016,767.0
321,595,370291,,Yes,Retirement Income From Social Security (HUD),4/4/2015,795.0
322,596,370291,,Yes,VA Service Connected Disability Compensation (HUD),4/4/2015,143.0
323,599,386677,,Yes,Earned Income (HUD),3/9/2015,2400.0
324,600,427640,,Yes,SSI (HUD),4/25/2016,733.0
325,602,444026,,Yes,SSDI (HUD),11/7/2016,1000.0
326,603,214669,,Yes,General Assistance (HUD),6/30/2018,2000.0
327,605,370324,,Yes,SSDI (HUD),1/5/2017,755.0
328,606,198302,,Yes,Earned Income (HUD),5/6/2019,500.0
329,607,173737,,Yes,Other (HUD),3/8/2015,480.0
330,611,370346,,Yes,Earned Income (HUD),5/12/2015,1600.0
331,615,476863,1/8/2019,Yes,SSDI (HUD),3/1/2018,780.0
332,616,476863,1/8/2019,Yes,VA Non-Service Connected Disability Pension (HUD),3/1/2018,400.0
333,617,476863,,Yes,SSDI (HUD),1/8/2019,818.0
334,618,476863,,Yes,VA Service Connected Disability Compensation (HUD),1/8/2019,428.0
335,619,476865,,Yes,SSI (HUD),3/7/2018,815.0
336,620,419523,,Yes,SSI (HUD),1/4/2016,1100.0
337,623,419525,,Yes,Retirement Income From Social Security (HUD),1/14/2017,734.0
338,624,1001162,,Yes,Earned Income (HUD),9/19/2019,1760.0
339,625,460493,,Yes,SSDI (HUD),8/8/2017,948.0
340,626,460494,,Yes,Earned Income (HUD),8/1/2017,620.0
341,627,427731,,Yes,SSDI (HUD),5/2/2016,641.0
342,629,509654,9/8/2019,Yes,Earned Income (HUD),5/14/2019,1540.0
343,631,329429,,Yes,Earned Income (HUD),9/15/2019,1760.0
344,632,124639,11/13/2018,Yes,Earned Income (HUD),3/8/2015,1000.0
345,634,124639,,Yes,Earned Income (HUD),11/14/2018,1400.0
346,636,411378,,Yes,SSI (HUD),9/17/2015,733.0
347,638,157427,,Yes,SSI (HUD),5/15/2017,735.0
348,639,403186,,Yes,SSI (HUD),4/3/2016,733.0
349,644,411380,,Yes,Earned Income (HUD),9/14/2015,1085.0
350,645,411383,,Yes,SSDI (HUD),9/11/2015,1186.0
351,646,108279,,Yes,Earned Income (HUD),4/11/2016,600.0
352,651,411386,,Yes,SSDI (HUD),9/14/2015,771.0
353,652,165623,4/22/2019,Yes,SSI (HUD),7/11/2016,733.0
354,654,165623,,Yes,SSI (HUD),8/26/2019,771.0
355,655,157439,,Yes,Other (HUD),4/1/2018,671.0
356,656,411392,,Yes,SSI (HUD),2/26/2018,750.0
357,657,485129,,Yes,Worker's Compensation (HUD),6/24/2018,1425.0
358,658,395019,,Yes,Earned Income (HUD),3/15/2015,1200.0
359,660,395020,,Yes,SSDI (HUD),3/13/2008,808.0
360,661,468756,,Yes,Retirement Income From Social Security (HUD),11/17/2017,1352.0
361,662,468757,,Yes,Earned Income (HUD),2/6/2018,500.0
362,663,231198,,Yes,Earned Income (HUD),5/21/2018,1200.0
363,664,304942,,Yes,Earned Income (HUD),5/30/2019,1380.0
364,665,436016,,Yes,Earned Income (HUD),8/22/2016,1400.0
365,667,477001,,Yes,Earned Income (HUD),3/6/2018,1000.0
366,668,477001,,Yes,Earned Income (HUD),3/6/2018,700.0
367,673,477002,,Yes,Earned Income (HUD),3/8/2018,800.0
368,674,345932,,Yes,Alimony or Other Spousal Support (HUD),9/15/2017,1000.0
369,675,345932,,Yes,Worker's Compensation (HUD),9/12/2017,960.0
370,678,75599,,Yes,Earned Income (HUD),4/9/2003,
371,679,75599,9/8/2019,Yes,Earned Income (HUD),8/28/2007,800.0
372,680,75599,9/8/2019,Yes,Earned Income (HUD),5/18/2019,1600.0
373,685,67408,,Yes,SSDI (HUD),11/28/2016,814.0
374,686,509783,,Yes,Earned Income (HUD),5/6/2019,1600.0
375,688,411485,,Yes,SSI (HUD),9/21/2015,733.0
376,691,165730,12/31/2017,Yes,SSI (HUD),2/28/1979,733.0
377,693,165730,,Yes,SSI (HUD),5/23/2018,750.0
378,697,485223,,Yes,Worker's Compensation (HUD),6/11/2018,300.0
379,698,485227,,Yes,Earned Income (HUD),10/8/2018,640.0
380,699,296817,,Yes,SSDI (HUD),9/20/2018,853.0
381,702,1001336,,Yes,Earned Income (HUD),4/9/2018,1200.0
382,705,460680,,Yes,Earned Income (HUD),8/1/2018,800.0
383,708,190363,,Yes,Earned Income (HUD),6/26/2017,1500.0
384,709,477092,,Yes,Earned Income (HUD),3/9/2018,1000.0
385,710,477092,,Yes,General Assistance (HUD),3/9/2018,1100.0
386,711,493476,,Yes,SSDI (HUD),10/8/2018,845.0
387,712,264105,,Yes,Earned Income (HUD),11/1/2017,1000.0
388,713,509869,,Yes,Earned Income (HUD),5/7/2019,2100.0
389,714,509873,,Yes,Earned Income (HUD),6/5/2019,2496.0
390,715,509874,,Yes,Earned Income (HUD),5/7/2019,2000.0
391,716,296887,12/31/2017,Yes,Retirement Income From Social Security (HUD),4/19/2017,765.0
392,719,296887,4/28/2019,Yes,Retirement Income From Social Security (HUD),9/24/2018,784.0
393,721,296887,,Yes,Retirement Income From Social Security (HUD),4/29/2019,804.0
394,724,296887,,Yes,SSDI (HUD),10/8/2019,806.0
395,726,1001409,,Yes,SSI (HUD),10/17/2019,791.0
396,727,444360,,Yes,VA Service Connected Disability Compensation (HUD),11/29/2016,133.0
397,728,460751,,Yes,SSI (HUD),8/14/2017,735.0
398,729,460752,,Yes,Earned Income (HUD),11/7/2018,600.0
399,730,419800,,Yes,Earned Income (HUD),1/6/2016,1600.0
400,731,419801,2/1/2016,Yes,Earned Income (HUD),1/2/2016,1920.0
401,732,419801,,Yes,Earned Income (HUD),4/12/2016,1200.0
402,733,206814,,Yes,SSDI (HUD),2/5/2012,795.0
403,735,452581,,Yes,SSDI (HUD),4/1/2017,1628.0
404,736,452581,,Yes,VA Service Connected Disability Compensation (HUD),4/1/2017,3000.0
405,741,452582,,Yes,SSI (HUD),4/3/2017,735.0
406,744,452582,,Yes,SSI (HUD),1/24/2018,750.0
407,751,272366,,Yes,Earned Income (HUD),1/4/2012,400.0
408,752,26624,,Yes,Retirement Income From Social Security (HUD),12/18/2018,1200.0
409,753,411652,,Yes,SSDI (HUD),12/11/2015,900.0
410,754,411652,,Yes,VA Non-Service Connected Disability Pension (HUD),12/11/2015,500.0
411,761,2054,,Yes,Other (HUD),1/1/2014,200.0
412,762,2054,,Yes,SSDI (HUD),1/1/2014,700.0
413,763,2054,9/30/2019,Yes,SSI (HUD),10/14/2011,674.0
414,826,215048,,Yes,Earned Income (HUD),1/17/2017,500.0
415,829,305161,,Yes,SSDI (HUD),12/7/2015,753.0
416,832,149513,5/31/2019,Yes,VA Service Connected Disability Compensation (HUD),12/14/2015,900.0
417,834,149513,,Yes,SSDI (HUD),6/10/2019,1100.0
418,835,403469,,Yes,VA Service Connected Disability Compensation (HUD),8/28/2015,1072.0
419,836,206862,,Yes,Earned Income (HUD),10/8/2009,360.0
420,837,206862,,Yes,SSI (HUD),1/1/2010,771.0
421,840,485403,,Yes,SSI (HUD),7/20/2018,750.0
422,841,100388,,Yes,SSDI (HUD),10/19/2016,720.0
423,842,215080,,Yes,Other (HUD),10/9/2016,600.0
424,846,215080,,Yes,Earned Income (HUD),5/14/2019,600.0
425,849,206895,,Yes,SSDI (HUD),1/27/2017,733.0
426,850,206895,,Yes,SSI (HUD),1/31/2017,733.0
427,851,395315,,Yes,Earned Income (HUD),7/10/2016,1500.0
428,852,313400,,Yes,Earned Income (HUD),8/17/2015,600.0
429,854,452667,,Yes,Earned Income (HUD),5/10/2017,1200.0
430,855,477245,,Yes,Earned Income (HUD),3/12/2018,340.0
431,857,1001534,,Yes,Earned Income (HUD),8/2/2019,900.0
432,859,419911,,Yes,SSDI (HUD),1/22/2016,1320.0
433,865,337991,,Yes,SSI (HUD),12/6/2017,735.0
434,868,411719,,Yes,SSI (HUD),1/9/2017,700.0
435,869,469076,,Yes,Other (HUD),3/18/2019,132.0
436,870,419929,,Yes,SSDI (HUD),12/12/2016,760.0
437,871,2142,,Yes,SSDI (HUD),12/18/2015,998.0
438,874,485472,,Yes,SSDI (HUD),6/17/2018,961.0
439,875,387175,,Yes,Earned Income (HUD),12/3/2014,1700.0
440,887,272499,,Yes,SSDI (HUD),1/7/1996,740.0
441,888,133240,,Yes,Earned Income (HUD),6/27/2011,800.0
442,889,411775,,Yes,Earned Income (HUD),9/23/2015,1000.0
443,891,460931,,Yes,SSI (HUD),8/15/2017,735.0
444,892,198791,,Yes,Earned Income (HUD),1/5/2016,500.0
445,898,198791,,Yes,Earned Income (HUD),8/1/2017,1000.0
446,899,198791,,Yes,Earned Income (HUD),8/30/2017,800.0
447,900,198803,,Yes,SSDI (HUD),2/14/2017,796.0
448,901,452762,,Yes,SSI (HUD),9/15/2017,735.0
449,903,493723,,Yes,SSI (HUD),10/10/2018,750.0
450,904,436394,,Yes,Earned Income (HUD),8/6/2019,800.0
451,905,420015,,Yes,Earned Income (HUD),10/1/2017,1000.0
452,906,420015,,Yes,Earned Income (HUD),10/19/2017,1500.0
453,907,428209,6/9/2019,Yes,Earned Income (HUD),5/9/2016,800.0
454,908,428209,,Yes,Earned Income (HUD),6/20/2019,3000.0
455,909,190642,,Yes,SSDI (HUD),7/22/2015,500.0
456,910,190642,,Yes,SSDI (HUD),7/22/2015,475.0
457,911,190642,,Yes,SSI (HUD),7/22/2015,453.0
458,927,420019,,Yes,Earned Income (HUD),1/7/2016,400.0
459,931,272559,,Yes,Pension or retirement income from another job (HUD),4/16/2018,400.0
460,932,272559,,Yes,VA Non-Service Connected Disability Pension (HUD),4/16/2018,670.0
461,933,436421,,Yes,Earned Income (HUD),8/27/2016,1200.0
462,934,75972,,Yes,SSI (HUD),9/13/2019,771.0
463,935,215248,,Yes,SSDI (HUD),1/1/2004,530.0
464,936,215248,,Yes,SSI (HUD),1/1/2004,211.0
465,937,18645,,Yes,Earned Income (HUD),8/22/2019,1000.0
466,938,493799,,Yes,SSDI (HUD),1/10/2019,721.0
467,939,379113,,Yes,SSDI (HUD),1/17/2016,977.0
468,946,182504,,Yes,SSI (HUD),3/9/2015,613.0
469,947,190705,,Yes,VA Service Connected Disability Compensation (HUD),1/1/2013,850.0
470,948,133362,,Yes,SSI (HUD),10/7/2010,664.0
471,949,444667,,Yes,VA Service Connected Disability Compensation (HUD),12/2/2016,1500.0
472,950,84223,,Yes,SSI (HUD),11/25/2014,734.0
473,951,84223,,Yes,SSI (HUD),11/4/2015,733.0
474,957,461064,8/29/2018,Yes,SSDI (HUD),8/30/2017,887.0
475,958,395541,,Yes,SSDI (HUD),3/20/2010,873.0
476,961,395548,3/21/2019,Yes,SSDI (HUD),6/1/2006,847.0
477,965,395548,,Yes,SSDI (HUD),3/22/2019,901.0
478,969,1001777,,Yes,SSDI (HUD),8/12/2019,817.0
479,970,133428,,Yes,SSDI (HUD),2/15/2019,550.0
480,971,133428,,Yes,SSI (HUD),2/15/2019,250.0
481,974,420149,,Yes,Earned Income (HUD),12/22/2016,1000.0
482,975,133431,,Yes,Earned Income (HUD),9/5/2019,1328.0
483,976,452931,,Yes,Earned Income (HUD),4/10/2017,500.0
484,979,371020,,Yes,Earned Income (HUD),4/1/2019,600.0
485,980,371020,,Yes,SSI (HUD),6/23/2007,700.0
486,981,452947,,Yes,SSDI (HUD),3/18/2018,1144.0
487,982,444764,,Yes,Earned Income (HUD),9/2/2019,0.0
488,983,387424,,Yes,SSDI (HUD),10/2/2017,623.0
489,985,387424,,Yes,SSDI (HUD),5/1/2018,753.0
490,986,387424,,Yes,SSI (HUD),4/23/2018,721.0
491,987,166240,,Yes,SSI (HUD),10/10/2018,750.0
492,988,477545,,Yes,Earned Income (HUD),4/1/2019,1200.0
493,989,2416,,Yes,Earned Income (HUD),12/1/2015,1200.0
494,991,10619,,Yes,SSDI (HUD),1/1/2014,742.0
495,993,362887,,Yes,VA Non-Service Connected Disability Pension (HUD),12/4/2017,1075.0
496,994,362889,,Yes,Earned Income (HUD),10/10/2017,1000.0
497,995,2458,,Yes,SSI (HUD),5/2/2018,750.0
498,998,2465,,Yes,SSI (HUD),4/23/2019,772.0
499,999,477611,4/22/2019,Yes,Worker's Compensation (HUD),3/15/2018,1112.0
500,1000,199086,,Yes,Pension or retirement income from another job (HUD),12/11/2015,122.0
501,1005,330160,,Yes,Earned Income (HUD),1/9/2019,950.0
502,1006,1001910,,Yes,Earned Income (HUD),9/21/2019,2000.0
503,1007,1001911,,Yes,Earned Income (HUD),8/16/2019,240.0
504,1008,215484,,Yes,SSDI (HUD),11/20/2017,540.0
505,1009,215484,,Yes,SSI (HUD),11/20/2017,160.0
506,1010,510435,,Yes,VA Service Connected Disability Compensation (HUD),5/13/2019,111.0
507,1011,502250,,Yes,SSDI (HUD),3/10/2019,938.0
508,1012,444910,,Yes,SSDI (HUD),12/5/2016,1200.0
509,1013,494064,,Yes,Earned Income (HUD),10/15/2018,800.0
510,1014,231922,,Yes,SSDI (HUD),2/8/2015,753.0
511,1015,231922,,Yes,SSI (HUD),2/9/2015,733.0
512,1016,510453,,Yes,SSDI (HUD),5/10/2019,754.0
513,1017,469497,,Yes,SSI (HUD),11/29/2017,1671.0
514,1018,469497,,Yes,VA Service Connected Disability Compensation (HUD),11/29/2017,834.0
515,1019,387589,,Yes,Earned Income (HUD),8/6/2019,1100.0
516,1020,387590,,Yes,Earned Income (HUD),3/7/2015,750.0
517,1022,166411,,Yes,SSDI (HUD),10/23/2019,350.0
518,1023,166411,,Yes,SSI (HUD),10/23/2019,350.0
519,1024,289294,,Yes,Earned Income (HUD),8/1/2016,600.0
520,1026,461331,12/31/2017,Yes,SSI (HUD),8/21/2017,735.0
521,1027,461331,,Yes,SSI (HUD),6/27/2018,750.0
522,1028,199190,7/15/2019,Yes,SSI (HUD),4/22/2013,488.0
523,1030,199190,,Yes,SSDI (HUD),7/16/2019,700.0
524,1031,1002007,,Yes,Earned Income (HUD),7/17/2019,3000.0
525,1032,477723,,Yes,SSDI (HUD),3/18/2018,770.0
526,1033,494120,,Yes,VA Service Connected Disability Compensation (HUD),10/19/2018,2900.0
527,1034,428593,,Yes,Child Support (HUD),7/30/2016,130.0
528,1035,428593,,Yes,Other (HUD),7/30/2016,375.0
529,1036,428596,,Yes,SSDI (HUD),5/13/2016,780.0
530,1039,166457,,Yes,Earned Income (HUD),8/15/2015,1800.0
531,1043,485955,,Yes,SSDI (HUD),7/4/2018,750.0
532,1044,363080,,Yes,Earned Income (HUD),1/1/2014,1200.0
533,1045,510543,,Yes,Earned Income (HUD),5/13/2019,2000.0
534,1046,453206,,Yes,Earned Income (HUD),4/5/2017,1000.0
535,1047,453208,,Yes,SSDI (HUD),4/10/2017,735.0
536,1049,133728,,Yes,SSDI (HUD),5/4/2017,800.0
537,1050,92773,,Yes,Earned Income (HUD),9/1/2016,2080.0
538,1051,420459,,Yes,Worker's Compensation (HUD),3/21/2018,200.0
539,1052,387703,,Yes,Earned Income (HUD),2/8/2015,850.0
540,1067,174737,,Yes,SSDI (HUD),2/2/2017,760.0
541,1068,207506,6/15/2018,Yes,Earned Income (HUD),2/20/2017,2000.0
542,1069,207506,,Yes,Earned Income (HUD),7/1/2018,250.0
543,1070,412307,,Yes,Earned Income (HUD),9/28/2015,1300.0
544,1075,141979,,Yes,Pension or retirement income from another job (HUD),12/13/2016,237.0
545,1076,428703,,Yes,Earned Income (HUD),5/16/2016,1000.0
546,1079,395939,12/18/2017,Yes,Earned Income (HUD),2/1/2016,1980.0
547,1080,436906,,Yes,Earned Income (HUD),10/1/2016,1200.0
548,1081,420527,,Yes,Earned Income (HUD),1/15/2016,700.0
549,1083,494261,4/22/2019,Yes,Earned Income (HUD),10/17/2018,800.0
550,1084,494261,,Yes,Earned Income (HUD),7/5/2019,1200.0
551,1086,494262,,Yes,SSDI (HUD),10/17/2018,861.0
552,1087,469688,,Yes,Earned Income (HUD),12/1/2017,600.0
553,1088,469689,,Yes,Earned Income (HUD),11/30/2017,2000.0
554,1089,322232,,Yes,Earned Income (HUD),1/8/2019,2400.0
555,1090,330427,,Yes,Retirement Income From Social Security (HUD),6/1/2012,830.0
556,1091,330427,,Yes,SSDI (HUD),3/14/2013,812.0
557,1100,215739,10/15/2018,Yes,SSDI (HUD),7/27/2017,735.0
558,1102,109242,,Yes,SSDI (HUD),12/22/2000,600.0
559,1103,109242,,Yes,SSI (HUD),1/11/2006,716.0
560,1104,1002177,,Yes,Retirement Income From Social Security (HUD),8/26/2019,804.0
561,1105,174801,,Yes,Earned Income (HUD),4/11/2016,800.0
562,1106,363216,,Yes,SSDI (HUD),2/10/2018,1018.0
563,1107,445154,,Yes,SSI (HUD),12/9/2016,488.0
564,1109,445155,,Yes,Earned Income (HUD),12/9/2016,200.0
565,1110,461539,10/2/2017,Yes,Earned Income (HUD),8/24/2017,1000.0
566,1111,461539,,Yes,Worker's Compensation (HUD),10/2/2017,1600.0
567,1112,461540,,Yes,Earned Income (HUD),8/23/2017,2000.0
568,1113,174821,,Yes,SSDI (HUD),6/17/2018,1002.0
569,1114,445161,,Yes,Earned Income (HUD),5/1/2017,1200.0
570,1116,445162,,Yes,Retirement Income From Social Security (HUD),12/8/2016,593.0
571,1117,1002210,,Yes,Pension or retirement income from another job (HUD),8/26/2019,1254.0
572,1118,1002210,,Yes,SSDI (HUD),8/26/2019,190.0
573,1119,248566,,Yes,Earned Income (HUD),4/17/2012,1200.0
574,1124,428792,,Yes,Earned Income (HUD),5/17/2016,1000.0
575,1125,404217,12/31/2016,Yes,Earned Income (HUD),7/7/2015,800.0
576,1126,404217,,Yes,Earned Income (HUD),7/7/2015,800.0
577,1143,428793,,Yes,SSDI (HUD),5/17/2016,1300.0
578,1147,436993,,Yes,SSDI (HUD),9/4/2016,644.0
579,1148,436993,,Yes,SSI (HUD),9/4/2016,109.0
580,1151,436994,,Yes,SSI (HUD),9/2/2016,733.0
581,1152,436995,,Yes,Earned Income (HUD),9/4/2016,400.0
582,1153,436995,,Yes,SSI (HUD),9/4/2016,765.0
583,1154,1002246,,Yes,Retirement Income From Social Security (HUD),8/22/2019,940.0
584,1155,215821,,Yes,Worker's Compensation (HUD),4/15/2015,800.0
585,1156,486164,,Yes,Earned Income (HUD),3/4/2019,1440.0
586,1157,19229,,Yes,Earned Income (HUD),4/9/2003,
587,1158,19229,,Yes,Earned Income (HUD),3/6/2019,800.0
588,1159,281380,,Yes,VA Service Connected Disability Compensation (HUD),12/8/2017,1074.0
589,1160,289580,,Yes,Earned Income (HUD),2/12/2016,400.0
590,1162,469821,,Yes,SSI (HUD),11/26/2017,783.0
591,1163,174922,,Yes,SSI (HUD),9/16/2014,721.0
592,1164,314203,,Yes,SSDI (HUD),6/29/2018,1200.0
593,1165,420702,12/31/2016,Yes,SSI (HUD),1/19/2016,703.0
594,1167,420702,,Yes,SSI (HUD),2/13/2018,720.0
595,1168,109426,,Yes,SSDI (HUD),8/3/2015,978.0
596,1170,109426,5/27/2019,Yes,SSDI (HUD),8/10/2016,978.0
597,1174,109426,,Yes,SSDI (HUD),5/28/2019,1001.0
598,1177,109426,,Yes,SSI (HUD),10/22/2019,893.0
599,1182,363382,,Yes,Earned Income (HUD),7/5/2014,1200.0
600,1188,1002377,,Yes,Earned Income (HUD),9/3/2019,1700.0
601,1189,461711,,Yes,SSDI (HUD),8/25/2017,1200.0
602,1190,1002385,,Yes,SSDI (HUD),9/3/2019,888.0
603,1191,1002385,,Yes,SSDI (HUD),10/2/2019,835.0
604,1192,355220,,Yes,SSI (HUD),10/23/2014,733.0
605,1193,412579,,Yes,Earned Income (HUD),10/5/2015,960.0
606,1194,363433,,Yes,Earned Income (HUD),2/2/2016,400.0
607,1197,19369,,Yes,SSI (HUD),1/27/2019,1000.0
608,1198,207787,,Yes,SSDI (HUD),1/1/2014,740.0
609,1201,412591,,Yes,SSDI (HUD),9/17/2019,725.0
610,1202,322489,,Yes,Earned Income (HUD),7/16/2016,650.0
611,1205,510912,,Yes,Earned Income (HUD),5/21/2019,720.0
612,1206,199637,,Yes,Earned Income (HUD),5/7/2018,2000.0
613,1207,420825,,Yes,SSDI (HUD),1/3/2017,558.0
614,1208,420825,,Yes,SSI (HUD),1/3/2017,193.0
615,1209,396254,,Yes,SSI (HUD),10/27/2015,700.0
616,1210,494565,,Yes,SSI (HUD),10/1/2019,500.0
617,1211,289783,,Yes,Earned Income (HUD),2/5/2019,2400.0
618,1212,93176,,Yes,Earned Income (HUD),4/11/2019,1440.0
619,1213,93176,,Yes,Earned Income (HUD),4/16/2019,400.0
620,1214,27655,,Yes,SSDI (HUD),9/17/2019,819.0
621,1215,248846,,Yes,Earned Income (HUD),8/9/2014,700.0
622,1216,486416,1/28/2019,Yes,SSI (HUD),9/5/2018,750.0
623,1217,486416,,Yes,SSI (HUD),12/28/2018,771.0
624,1218,158745,,Yes,Earned Income (HUD),7/1/2016,2000.0
625,1219,355355,,Yes,Earned Income (HUD),12/1/2015,925.0
626,1222,158747,,Yes,SSDI (HUD),12/21/2015,1550.0
627,1223,420897,,Yes,SSDI (HUD),1/22/2016,772.0
628,1227,388135,,Yes,SSI (HUD),12/11/1987,720.0
629,1228,388135,,Yes,TANF (HUD),4/14/2015,175.0
630,1241,379949,,Yes,Earned Income (HUD),9/26/2014,1400.0
631,1242,1002542,,Yes,Earned Income (HUD),9/19/2019,1750.0
632,1243,412724,,Yes,SSI (HUD),10/6/2015,733.0
633,1244,1002547,,Yes,Earned Income (HUD),9/9/2019,1480.0
634,1245,453690,,Yes,Earned Income (HUD),4/26/2017,1000.0
635,1249,191565,,Yes,SSI (HUD),1/1/2013,771.0
636,1250,429149,1/31/2019,Yes,Earned Income (HUD),7/1/2016,1200.0
637,1252,429149,,Yes,Earned Income (HUD),2/1/2019,600.0
638,1255,429149,,Yes,Earned Income (HUD),10/14/2019,250.0
639,1258,429152,,Yes,SSDI (HUD),5/23/2016,730.0
640,1262,429152,,Yes,SSI (HUD),2/22/2017,600.0
641,1265,429152,,Yes,Earned Income (HUD),12/22/2017,870.0
642,1268,199776,,Yes,Earned Income (HUD),8/17/2016,500.0
643,1269,478304,,Yes,SSI (HUD),4/25/2018,711.0
644,1270,175198,,Yes,VA Service Connected Disability Compensation (HUD),9/20/2012,1379.0
645,1273,363624,,Yes,SSI (HUD),6/6/2019,771.0
646,1275,363624,6/5/2019,Yes,SSDI (HUD),1/1/1999,750.0
647,1278,265327,,Yes,Earned Income (HUD),5/22/2019,800.0
648,1279,437376,,Yes,Earned Income (HUD),9/8/2016,1500.0
649,1280,437377,,Yes,SSDI (HUD),9/8/2016,1200.0
650,1281,420997,,Yes,SSI (HUD),1/27/2016,476.0
651,1282,420997,,Yes,VA Non-Service Connected Disability Pension (HUD),1/27/2016,1072.0
652,1283,322709,,Yes,SSI (HUD),4/13/2015,733.0
653,1286,248984,,Yes,SSI (HUD),6/22/2011,674.0
654,1287,248988,,Yes,SSI (HUD),12/1/2010,674.0
655,1291,330916,,Yes,SSDI (HUD),1/25/2018,1200.0
656,1293,412856,,Yes,Earned Income (HUD),4/1/2016,1200.0
657,1295,1002693,,Yes,Earned Income (HUD),10/16/2019,1800.0
658,1296,1002695,,Yes,Earned Income (HUD),10/14/2019,1600.0
659,1297,183537,7/1/2018,Yes,Earned Income (HUD),9/10/2017,300.0
660,1300,232698,,Yes,Earned Income (HUD),12/6/2016,700.0
661,1301,158981,,Yes,Earned Income (HUD),1/4/2016,700.0
662,1310,445701,,Yes,SSDI (HUD),12/19/2016,616.0
663,1312,298245,,Yes,SSDI (HUD),8/23/2012,170.0
664,1313,298245,,Yes,SSI (HUD),8/23/2012,602.0
665,1314,275833,,Yes,Earned Income (HUD),12/17/2018,400.0
666,1315,470290,2/24/2019,Yes,General Assistance (HUD),12/4/2017,1000.0
667,1317,412975,,Yes,Earned Income (HUD),10/5/2015,700.0
668,1318,478519,,Yes,VA Non-Service Connected Disability Pension (HUD),3/28/2018,1300.0
669,1319,339258,,Yes,SSI (HUD),7/8/2019,775.0
670,1320,1002829,,Yes,Earned Income (HUD),10/15/2019,1600.0
671,1321,322898,,Yes,Retirement Income From Social Security (HUD),4/26/2016,839.0
672,1322,322898,,Yes,SSDI (HUD),4/26/2006,839.0
673,1334,167253,,Yes,SSDI (HUD),1/1/2015,900.0
674,1337,380246,,Yes,Earned Income (HUD),9/25/2014,1500.0
675,1341,396639,,Yes,SSI (HUD),7/27/2017,731.0
676,1344,118116,,Yes,Earned Income (HUD),7/9/2018,1000.0
677,1346,454008,,Yes,Earned Income (HUD),4/29/2017,1600.0
678,1347,503164,,Yes,SSDI (HUD),4/1/2019,897.0
679,1348,503164,,Yes,Earned Income (HUD),5/28/2019,779.0
680,1350,257407,,Yes,Earned Income (HUD),4/11/2016,1400.0
681,1351,470402,,Yes,SSI (HUD),12/11/2017,490.0
682,1352,175495,,Yes,Earned Income (HUD),10/1/2015,1000.0
683,1354,437666,,Yes,Earned Income (HUD),9/6/2016,400.0
684,1355,1002914,,Yes,Earned Income (HUD),8/20/2019,1600.0
685,1356,429484,,Yes,SSDI (HUD),5/29/2016,1000.0
686,1357,429485,,Yes,Earned Income (HUD),5/27/2016,1800.0
687,1359,495022,,Yes,SSDI (HUD),10/24/2018,894.0
688,1361,322997,,Yes,SSDI (HUD),4/6/2015,840.0
689,1362,322997,,Yes,SSDI (HUD),11/9/2015,960.0
690,1390,298422,,Yes,SSDI (HUD),8/3/2018,566.0
691,1391,175551,,Yes,General Assistance (HUD),1/15/2018,1160.0
692,1393,159188,,Yes,TANF (HUD),12/24/2018,788.0
693,1395,191960,,Yes,Retirement Income From Social Security (HUD),5/28/2019,1037.0
694,1396,232921,,Yes,Earned Income (HUD),1/3/2017,500.0
695,1397,183775,6/1/2018,Yes,Earned Income (HUD),8/1/2017,2000.0
696,1398,183775,,Yes,Earned Income (HUD),6/13/2019,2000.0
697,1399,19938,,Yes,Earned Income (HUD),12/20/2015,800.0
698,1400,19938,,Yes,SSDI (HUD),12/14/2015,650.0
699,1407,314853,,Yes,SSDI (HUD),4/13/2015,1296.0
700,1408,314853,,Yes,Earned Income (HUD),10/1/2015,300.0
701,1412,437773,,Yes,Earned Income (HUD),2/25/2019,1000.0
702,1413,167439,,Yes,SSI (HUD),4/19/2014,774.0
703,1422,192021,,Yes,SSI (HUD),6/1/2013,710.0
704,1426,216598,,Yes,SSDI (HUD),5/13/2016,550.0
705,1427,216598,,Yes,SSI (HUD),5/13/2016,184.0
706,1436,462367,,Yes,SSDI (HUD),9/1/2017,697.0
707,1437,462367,,Yes,SSI (HUD),9/1/2017,54.0
708,1438,1003061,,Yes,SSI (HUD),9/18/2019,755.0
709,1439,192056,,Yes,SSI (HUD),10/14/2016,733.0
710,1440,421434,12/20/2018,Yes,VA Service Connected Disability Compensation (HUD),2/1/2016,2915.0
711,1443,421434,,Yes,VA Service Connected Disability Compensation (HUD),12/21/2018,2973.0
712,1444,503355,,Yes,Earned Income (HUD),2/15/2019,800.0
713,1447,355911,,Yes,SSDI (HUD),1/23/2014,740.0
714,1449,249417,,Yes,Earned Income (HUD),10/26/2015,1500.0
715,1450,257614,9/30/2018,Yes,Unemployment Insurance (HUD),7/23/2018,956.0
716,1451,405095,,Yes,SSI (HUD),7/15/2015,733.0
717,1452,503401,,Yes,SSI (HUD),2/21/2019,268.0
718,1453,503403,,Yes,Earned Income (HUD),2/18/2019,900.0
719,1455,503404,,Yes,SSDI (HUD),2/18/2019,663.0
720,1458,110192,,Yes,SSDI (HUD),2/4/2016,755.0
721,1459,446077,,Yes,Retirement Income From Social Security (HUD),12/23/2016,300.0
722,1460,446077,,Yes,SSDI (HUD),12/23/2016,1700.0
723,1461,421503,,Yes,Earned Income (HUD),12/29/2016,1230.04
724,1465,380554,,Yes,Worker's Compensation (HUD),12/2/2017,1680.0
725,1466,380554,,Yes,Worker's Compensation (HUD),12/5/2017,22.0
726,1467,487060,,Yes,SSI (HUD),7/18/2018,750.0
727,1468,290465,,Yes,SSDI (HUD),6/4/2012,667.0
728,1475,1003175,,Yes,Other (HUD),9/23/2019,5000.0
729,1476,1003175,,Yes,Retirement Income From Social Security (HUD),9/23/2019,1350.0
730,1477,478890,,Yes,SSI (HUD),4/3/2018,991.0
731,1478,478891,,Yes,Earned Income (HUD),4/3/2018,600.0
732,1480,478893,,Yes,Earned Income (HUD),4/3/2018,1600.0
733,1481,454320,,Yes,SSI (HUD),5/2/2017,735.0
734,1482,396973,,Yes,VA Service Connected Disability Compensation (HUD),4/9/2015,1059.0
735,1483,511675,,Yes,VA Non-Service Connected Disability Pension (HUD),7/12/2019,1100.0
736,1484,159422,,Yes,SSI (HUD),5/9/2016,738.0
737,1487,200387,,Yes,Earned Income (HUD),4/11/2016,1200.0
738,1492,134851,,Yes,SSDI (HUD),12/10/2012,620.0
739,1494,224968,,Yes,Earned Income (HUD),7/29/2016,1400.0
740,1495,143061,12/31/2015,Yes,Earned Income (HUD),6/28/2014,1600.0
741,1500,143061,,Yes,SSDI (HUD),10/1/2018,400.0
742,1502,421596,,Yes,SSI (HUD),4/11/2016,733.0
743,1504,331491,10/1/2016,Yes,Earned Income (HUD),10/19/2015,500.0
744,1509,331491,,Yes,Earned Income (HUD),4/13/2019,1152.0
745,1510,331491,,Yes,Earned Income (HUD),4/15/2019,1080.0
746,1511,175854,,Yes,Earned Income (HUD),4/1/2017,600.0
747,1513,233199,,Yes,Earned Income (HUD),10/10/2019,2345.0
748,1514,331506,,Yes,Earned Income (HUD),1/20/2019,1260.0
749,1515,265976,,Yes,VA Non-Service Connected Disability Pension (HUD),3/7/2016,1200.0
750,1516,151291,,Yes,Pension or retirement income from another job (HUD),10/6/2016,264.0
751,1517,151291,,Yes,SSI (HUD),10/6/2016,489.0
752,1518,462598,,Yes,SSDI (HUD),9/7/2017,740.0
753,1519,462600,,Yes,SSI (HUD),9/7/2017,730.0
754,1520,462599,,Yes,SSI (HUD),9/8/2017,780.0
755,1521,208659,,Yes,Earned Income (HUD),1/26/2017,600.0
756,1522,495393,,Yes,SSI (HUD),6/27/2018,750.0
757,1524,175906,,Yes,Earned Income (HUD),8/16/2019,1300.0
758,1525,380726,,Yes,Other (HUD),4/10/2015,480.0
759,1526,380726,,Yes,Other (HUD),4/10/2015,300.0
760,1527,438076,,Yes,SSDI (HUD),9/16/2016,909.0
761,1528,184123,,Yes,Worker's Compensation (HUD),3/14/2018,270.0
762,1529,184122,,Yes,Earned Income (HUD),5/23/2018,1098.0
763,1530,421698,,Yes,Earned Income (HUD),6/26/2017,1200.0
764,1531,405331,,Yes,Earned Income (HUD),5/9/2016,1200.0
765,1536,167781,,Yes,VA Service Connected Disability Compensation (HUD),1/6/2018,1365.0
766,1537,135019,,Yes,SSDI (HUD),9/4/2019,822.0
767,1539,3953,,Yes,SSDI (HUD),8/24/2015,800.0
768,1540,167802,,Yes,SSDI (HUD),5/18/2019,918.0
769,1542,503688,,Yes,VA Service Connected Disability Compensation (HUD),2/20/2019,1127.0
770,1543,208782,,Yes,SSDI (HUD),9/8/1983,633.0
771,1544,208782,,Yes,SSDI (HUD),2/14/1984,658.0
772,1545,208782,,Yes,VA Service Connected Disability Compensation (HUD),2/14/1984,380.0
773,1549,1003407,,Yes,Earned Income (HUD),9/30/2019,800.0
774,1550,397201,,Yes,SSDI (HUD),4/9/2015,710.0
775,1551,397201,,Yes,SSI (HUD),4/9/2015,43.0
776,1556,397202,,Yes,Earned Income (HUD),10/1/2015,800.0
777,1557,364437,,Yes,Earned Income (HUD),6/12/2017,1600.0
778,1558,216983,,Yes,Earned Income (HUD),4/8/2015,1000.0
779,1560,421788,,Yes,VA Service Connected Disability Compensation (HUD),2/18/2016,978.0
780,1562,200622,,Yes,Earned Income (HUD),1/15/2013,460.0
781,1563,200622,,Yes,Earned Income (HUD),6/19/2017,1075.0
782,1564,446388,,Yes,SSI (HUD),1/3/2017,740.0
783,1565,421813,,Yes,SSDI (HUD),2/5/2016,700.0
784,1567,421813,,Yes,VA Non-Service Connected Disability Pension (HUD),1/7/2019,200.0
785,1570,446389,,Yes,Earned Income (HUD),8/17/2017,600.0
786,1571,110517,,Yes,Earned Income (HUD),1/25/2007,312.0
787,1572,438203,,Yes,SSI (HUD),10/16/2017,400.0
788,1573,167874,,Yes,Earned Income (HUD),10/3/2015,1200.0
789,1574,421826,,Yes,Earned Income (HUD),2/27/2016,1500.0
790,1575,135107,,Yes,SSI (HUD),2/3/2017,733.0
791,1577,274376,12/31/2017,Yes,VA Service Connected Disability Compensation (HUD),4/28/2017,1256.0
792,1578,274376,,Yes,VA Service Connected Disability Compensation (HUD),12/17/2018,2973.0
793,1579,487375,,Yes,VA Service Connected Disability Compensation (HUD),5/23/2018,738.0
794,1580,462808,,Yes,SSI (HUD),9/11/2017,669.0
795,1581,462809,,Yes,SSDI (HUD),9/11/2017,1078.0
796,1582,4064,,Yes,Earned Income (HUD),11/22/2016,800.0
797,1583,511970,,Yes,Earned Income (HUD),7/19/2019,1440.0
798,1584,323558,,Yes,SSDI (HUD),1/13/2016,854.0
799,1585,167911,4/9/2019,Yes,VA Service Connected Disability Compensation (HUD),4/7/2015,2906.0
800,1589,430061,,Yes,SSI (HUD),2/26/2018,473.0
801,1590,184306,,Yes,SSDI (HUD),2/27/2012,672.0
802,1591,167933,,Yes,SSDI (HUD),6/27/2017,800.0
803,1593,397313,,Yes,Earned Income (HUD),4/13/2015,800.0
804,1594,397313,,Yes,Pension or retirement income from another job (HUD),4/13/2015,1000.0
805,1599,495616,,Yes,Earned Income (HUD),7/14/2019,300.0
806,1600,479279,,Yes,SSI (HUD),5/15/2018,735.0
807,1601,1003567,,Yes,SSDI (HUD),10/3/2019,750.0
808,1602,1003567,,Yes,SSI (HUD),1/3/2009,750.0
809,1605,421938,,Yes,Earned Income (HUD),4/11/2016,800.0
810,1606,421938,,Yes,Earned Income (HUD),4/12/2016,800.0
811,1609,421938,,Yes,Earned Income (HUD),4/15/2016,800.0
812,1610,421939,,Yes,SSI (HUD),2/8/2016,600.0
813,1614,249916,,Yes,SSI (HUD),8/1/2017,735.0
814,1616,479292,,Yes,Earned Income (HUD),5/25/2018,1544.0
815,1617,1003586,,Yes,SSDI (HUD),9/30/2019,875.0
816,1618,1003586,,Yes,SSI (HUD),9/30/2019,139.0
817,1619,487501,,Yes,Earned Income (HUD),8/1/2018,800.0
818,1620,454736,,Yes,Earned Income (HUD),10/16/2017,1600.0
819,1621,454737,,Yes,SSDI (HUD),5/9/2017,833.0
820,1622,1003614,,Yes,Retirement Income From Social Security (HUD),10/4/2019,791.0
821,1623,1003627,,Yes,Earned Income (HUD),10/4/2019,768.0
822,1624,159852,,Yes,SSI (HUD),8/23/2019,771.0
823,1625,397426,,Yes,Earned Income (HUD),4/14/2015,1820.0
824,1626,274547,,Yes,SSI (HUD),7/16/2017,735.0
825,1628,274547,,Yes,SSI (HUD),12/10/2017,488.0
826,1629,479359,,Yes,Earned Income (HUD),5/25/2018,1600.0
827,1630,1003651,,Yes,SSI (HUD),10/7/2019,854.0
828,1631,233619,,Yes,Earned Income (HUD),11/1/2016,1800.0
829,1634,233619,,Yes,Earned Income (HUD),8/23/2017,2000.0
830,1635,422042,,Yes,Earned Income (HUD),9/22/2017,1500.0
831,1636,430243,,Yes,Earned Income (HUD),7/5/2016,1200.0
832,1638,430243,,Yes,Earned Income (HUD),4/7/2017,1600.0
833,1639,430244,3/9/2019,Yes,Earned Income (HUD),6/8/2016,300.0
834,1640,430244,3/9/2019,Yes,Earned Income (HUD),6/15/2016,1200.0
835,1645,430244,,Yes,Earned Income (HUD),3/10/2019,800.0
836,1646,290980,,Yes,Earned Income (HUD),7/12/2012,1200.0
837,1647,290980,,Yes,Earned Income (HUD),3/14/2015,1380.0
838,1648,217257,,Yes,Earned Income (HUD),9/1/2019,2160.0
839,1649,217257,,Yes,SSDI (HUD),7/6/2019,1000.0
840,1650,397482,,Yes,Earned Income (HUD),12/20/2015,1200.0
841,1651,397538,,Yes,Earned Income (HUD),2/15/2015,1440.0
842,1654,487665,,Yes,Earned Income (HUD),7/23/2018,1600.0
843,1655,413940,,Yes,Earned Income (HUD),2/15/2016,600.0
844,1656,430325,,Yes,SSI (HUD),6/7/2016,776.0
845,1659,4347,,Yes,VA Service Connected Disability Compensation (HUD),12/8/2017,1074.0
846,1660,1003773,,Yes,SSI (HUD),10/17/2019,899.0
847,1661,340231,,Yes,SSI (HUD),6/14/2018,600.0
848,1662,463114,9/2/2019,Yes,Earned Income (HUD),7/1/2018,1200.0
849,1665,225552,,Yes,Earned Income (HUD),8/15/2015,1560.0
850,1666,225552,,Yes,Earned Income (HUD),12/14/2015,1200.0
851,1669,471315,,Yes,SSI (HUD),12/28/2017,735.0
852,1670,413993,,Yes,SSDI (HUD),10/19/2015,700.0
853,1671,389431,,Yes,SSDI (HUD),10/5/2015,659.0
854,1673,192832,,Yes,Earned Income (HUD),1/4/2016,3000.0
855,1674,422213,,Yes,Earned Income (HUD),2/11/2016,1200.0
856,1676,340296,,Yes,SSDI (HUD),6/14/2019,486.0
857,1677,340296,,Yes,VA Non-Service Connected Disability Pension (HUD),6/14/2019,666.0
858,1678,397658,,Yes,Earned Income (HUD),4/28/2017,576.0
859,1680,455002,,Yes,SSI (HUD),5/15/2017,735.0
860,1681,495985,,Yes,SSI (HUD),11/1/2018,750.0
861,1683,364915,,Yes,Worker's Compensation (HUD),2/14/2018,200.0
862,1684,110973,,Yes,Earned Income (HUD),11/26/2018,900.0
863,1685,110973,,Yes,Earned Income (HUD),3/6/2019,700.0
864,1686,405886,4/29/2019,Yes,Retirement Income From Social Security (HUD),6/1/2018,825.0
865,1687,405886,,Yes,SSI (HUD),4/30/2019,750.0
866,1688,250273,,Yes,SSI (HUD),1/17/2016,603.0
867,1689,184737,,Yes,Child Support (HUD),2/13/2016,300.0
868,1690,184737,,Yes,Earned Income (HUD),2/13/2016,1500.0
869,1693,291236,,Yes,SSI (HUD),9/2/2017,735.0
870,1694,405919,,Yes,VA Service Connected Disability Compensation (HUD),7/21/2015,1072.0
871,1695,348582,,Yes,Earned Income (HUD),1/10/2019,1050.0
872,1696,373160,,Yes,Earned Income (HUD),1/2/2019,1300.0
873,1697,373160,,Yes,Earned Income (HUD),1/2/2019,1672.0
874,1698,405932,,Yes,SSDI (HUD),7/21/2015,1117.0
875,1699,209331,10/8/2019,Yes,Earned Income (HUD),1/15/2018,1200.0
876,1701,209331,,Yes,Earned Income (HUD),10/9/2019,1400.0
877,1702,127418,,Yes,SSDI (HUD),5/9/2016,1000.0
878,1704,176580,12/31/2017,Yes,Earned Income (HUD),1/1/2016,1600.0
879,1708,176580,,Yes,Earned Income (HUD),3/27/2019,1260.0
880,1709,373190,,Yes,SSI (HUD),8/15/2014,733.0
881,1712,397767,,Yes,SSDI (HUD),4/17/2015,750.0
882,1714,455112,,Yes,Earned Income (HUD),5/16/2017,1100.0
883,1717,389599,,Yes,VA Non-Service Connected Disability Pension (HUD),1/12/2015,1090.0
884,1718,266721,,Yes,SSI (HUD),5/18/2019,770.0
885,1719,217579,,Yes,SSDI (HUD),1/4/2016,1300.0
886,1722,184832,,Yes,SSDI (HUD),3/10/2016,1022.0
887,1729,168456,,Yes,Earned Income (HUD),7/3/2017,2000.0
888,1733,479753,,Yes,Earned Income (HUD),10/17/2018,800.0
889,1734,479754,,Yes,SSDI (HUD),4/9/2018,778.0
890,1735,479756,4/22/2019,Yes,SSI (HUD),4/9/2018,700.0
891,1736,479756,,Yes,Other (HUD),4/23/2019,276.0
892,1737,479756,,Yes,SSDI (HUD),4/23/2019,726.0
893,1740,184846,,Yes,Earned Income (HUD),3/20/2017,1200.0
894,1741,479758,,Yes,Earned Income (HUD),6/19/2018,1050.0
895,1742,479757,,Yes,SSDI (HUD),4/9/2018,750.0
896,1743,143887,,Yes,SSDI (HUD),10/2/2019,350.0
897,1744,209444,,Yes,SSDI (HUD),5/11/2019,882.0
898,1745,389683,,Yes,Earned Income (HUD),8/14/2017,1500.0
899,1746,389686,,Yes,Private Disability Insurance (HUD),1/5/2015,610.0
900,1747,487992,,Yes,SSI (HUD),7/30/2018,700.0
901,1748,389688,,Yes,Child Support (HUD),1/5/2015,250.0
902,1749,389688,,Yes,SSI (HUD),1/5/2015,591.0
903,1750,389691,,Yes,SSDI (HUD),1/5/2015,730.0
904,1754,389692,,Yes,Earned Income (HUD),1/3/2017,1000.0
905,1755,291392,,Yes,Earned Income (HUD),2/8/2019,400.0
906,1756,365126,,Yes,SSI (HUD),10/16/2017,735.0
907,1757,160327,,Yes,SSI (HUD),3/7/2016,733.0
908,1758,373323,,Yes,Earned Income (HUD),5/25/2017,0.0
909,1759,373323,,Yes,Earned Income (HUD),5/25/2017,800.0
910,1760,217680,,Yes,Earned Income (HUD),4/1/2015,1100.0
911,1761,455254,,Yes,SSI (HUD),2/7/2018,586.0
912,1762,111217,,Yes,SSDI (HUD),4/9/2015,740.0
913,1765,471672,,Yes,Earned Income (HUD),1/16/2018,1100.0
914,1766,471672,12/14/2018,Yes,Earned Income (HUD),4/28/2018,700.0
915,1767,217728,,Yes,Earned Income (HUD),5/16/2016,600.0
916,1768,438933,,Yes,SSI (HUD),9/26/2016,764.0
917,1771,463514,,Yes,Earned Income (HUD),4/9/2018,600.0
918,1772,463514,,Yes,Worker's Compensation (HUD),9/18/2017,400.0
919,1773,463515,,Yes,Earned Income (HUD),9/18/2017,700.0
920,1776,217775,,Yes,SSI (HUD),11/2/2015,733.0
921,1778,168634,,Yes,SSI (HUD),6/8/2009,665.0
922,1780,168637,,Yes,Earned Income (HUD),5/22/2017,1200.0
923,1784,217790,,Yes,SSI (HUD),9/24/2018,750.0
924,1785,447171,,Yes,SSI (HUD),2/17/2017,200.0
925,1786,447171,,Yes,VA Service Connected Disability Compensation (HUD),2/17/2017,400.0
926,1787,504523,,Yes,Earned Income (HUD),3/18/2019,1360.0
927,1788,430802,,Yes,Earned Income (HUD),8/16/2016,500.0
928,1789,348889,,Yes,SSI (HUD),8/3/2018,750.0
929,1790,152288,,Yes,SSDI (HUD),10/19/2017,619.0
930,1791,373473,,Yes,Earned Income (HUD),7/20/2014,1200.0
931,1796,1004266,,Yes,Earned Income (HUD),10/22/2019,1500.0
932,1797,217836,,Yes,Earned Income (HUD),11/13/2014,1600.0
933,1799,185069,,Yes,Earned Income (HUD),7/1/2015,400.0
934,1802,479983,,Yes,SSI (HUD),4/17/2018,750.0
935,1803,258810,,Yes,SSI (HUD),5/21/2018,750.0
936,1805,226049,,Yes,SSI (HUD),3/15/2011,694.0
937,1806,340736,,Yes,Earned Income (HUD),9/28/2015,1600.0
938,1810,496402,,Yes,SSDI (HUD),11/7/2018,800.0
939,1811,332565,,Yes,Earned Income (HUD),12/4/2018,980.0
940,1813,275228,,Yes,SSI (HUD),10/3/2018,750.0
941,1814,381739,,Yes,Earned Income (HUD),10/1/2015,1360.0
942,1815,488240,,Yes,Earned Income (HUD),8/1/2018,1600.0
943,1817,488241,,Yes,Earned Income (HUD),1/31/2019,1600.0
944,1818,488241,,Yes,Earned Income (HUD),3/5/2019,1120.0
945,1819,217907,,Yes,SSDI (HUD),1/1/2014,840.0
946,1821,447283,,Yes,SSI (HUD),3/21/2018,665.0
947,1822,168762,,Yes,Earned Income (HUD),8/15/2016,300.0
948,1823,168762,,Yes,Other (HUD),8/15/2016,650.0
949,1826,168762,,Yes,SSDI (HUD),11/1/2016,655.0
950,1833,381763,,Yes,VA Service Connected Disability Compensation (HUD),8/15/2015,300.0
951,1834,201545,,Yes,SSDI (HUD),5/15/2017,746.0
952,1835,160586,,Yes,Earned Income (HUD),2/17/2016,1600.0
953,1836,176973,,Yes,SSDI (HUD),7/1/2016,1049.0
954,1838,267123,,Yes,SSI (HUD),1/1/2014,721.0
955,1840,430970,,Yes,Earned Income (HUD),11/1/2017,700.0
956,1841,430970,,Yes,Earned Income (HUD),11/13/2017,800.0
957,1842,439184,,Yes,Earned Income (HUD),12/2/2016,2400.0
958,1844,439186,,Yes,Earned Income (HUD),12/1/2016,2000.0
959,1845,95125,,Yes,SSI (HUD),11/9/2015,733.0
960,1847,447383,,Yes,Earned Income (HUD),8/14/2017,2000.0
961,1848,299942,,Yes,Alimony or Other Spousal Support (HUD),12/8/2014,721.0
962,1859,299943,,Yes,Retirement Income From Social Security (HUD),2/8/2015,800.0
963,1860,299943,,Yes,VA Non-Service Connected Disability Pension (HUD),2/8/2015,1100.0
964,1861,381870,,Yes,SSDI (HUD),10/13/1987,740.0
965,1863,168881,,Yes,SSDI (HUD),10/12/2015,623.0
966,1864,168881,,Yes,SSI (HUD),10/12/2015,130.0
967,1865,431031,,Yes,Earned Income (HUD),6/20/2016,1600.0
968,1868,431032,,Yes,SSDI (HUD),6/20/2016,829.0
969,1869,218041,,Yes,Earned Income (HUD),4/1/2019,600.0
970,1871,463800,,Yes,Earned Income (HUD),9/15/2017,850.0
971,1872,152503,,Yes,SSI (HUD),12/17/2018,753.0
972,1873,390076,,Yes,SSDI (HUD),4/1/2003,1100.0
973,1874,373728,,Yes,Pension or retirement income from another job (HUD),11/16/2015,184.0
974,1875,373728,,Yes,SSDI (HUD),11/16/2015,886.0
975,1902,218081,2/15/2016,Yes,Earned Income (HUD),10/17/2015,400.0
976,1904,373730,11/1/2015,Yes,Earned Income (HUD),8/18/2014,1560.0
977,1906,373731,,Yes,Earned Income (HUD),8/1/2017,1200.0
978,1907,463843,,Yes,Other (HUD),11/6/2018,250.0
979,1908,160758,,Yes,Earned Income (HUD),8/13/2018,600.0
980,1909,365574,,Yes,VA Service Connected Disability Compensation (HUD),1/5/2017,600.0
981,1910,447498,,Yes,Earned Income (HUD),1/23/2017,1600.0
982,1911,177186,,Yes,Earned Income (HUD),7/16/2012,1200.0
983,1912,177186,,Yes,Earned Income (HUD),10/31/2012,1200.0
984,1913,177187,,Yes,SSI (HUD),3/25/2019,885.0
985,1914,193575,,Yes,Earned Income (HUD),5/1/2017,1000.0
986,1915,169008,,Yes,SSI (HUD),11/14/2016,733.0
987,1919,267315,,Yes,SSDI (HUD),7/1/2016,179.0
988,1920,267315,,Yes,SSI (HUD),7/1/2016,574.0
989,1921,128052,12/31/2018,Yes,SSI (HUD),1/16/2017,735.0
990,1924,390199,,Yes,Earned Income (HUD),12/8/2014,1600.0
991,1925,390199,,Yes,Unemployment Insurance (HUD),1/11/2015,87.0
992,1928,431161,12/2/2018,Yes,Earned Income (HUD),3/19/2018,1500.0
993,1929,431161,,Yes,Earned Income (HUD),12/3/2018,3840.0
994,1931,218168,,Yes,SSDI (HUD),12/31/2010,770.0
995,1932,218171,,Yes,SSI (HUD),2/9/2010,733.0
996,1933,160833,,Yes,SSDI (HUD),10/19/2015,786.0
997,1934,316494,,Yes,SSI (HUD),6/4/2018,750.0
998,1936,177232,,Yes,SSI (HUD),12/7/2017,650.0
999,1937,332883,,Yes,SSI (HUD),8/1/2016,659.0
1000,1938,332884,,Yes,SSDI (HUD),6/27/2013,970.0
1001,1939,201818,,Yes,SSDI (HUD),4/7/2013,740.0
1002,1940,201818,,Yes,SSI (HUD),4/7/2013,13.0
1003,1941,160859,,Yes,SSI (HUD),10/1/2015,820.0
1004,1943,349279,,Yes,SSI (HUD),6/6/2016,764.0
1005,1945,455775,,Yes,Earned Income (HUD),5/22/2017,1120.0
1006,1946,357475,,Yes,SSI (HUD),4/4/2017,733.0
1007,1947,488547,,Yes,Earned Income (HUD),4/2/2019,1000.0
1008,1948,218215,,Yes,SSDI (HUD),9/23/2017,1181.0
1009,1949,357481,,Yes,Child Support (HUD),10/17/2016,700.0
1010,1950,357481,,Yes,SSI (HUD),10/17/2016,355.0
1011,1951,103533,,Yes,Earned Income (HUD),7/13/2015,700.0
1012,1958,472189,,Yes,Earned Income (HUD),9/21/2019,1512.0
1013,1959,472189,,Yes,SSI (HUD),6/28/2019,700.0
1014,1960,185474,,Yes,General Assistance (HUD),11/14/2017,700.0
1015,1961,201868,,Yes,SSI (HUD),5/3/2018,750.0
1016,1962,283791,,Yes,SSDI (HUD),6/4/2018,299.0
1017,1963,283791,,Yes,SSI (HUD),6/4/2018,353.0
1018,1964,103591,,Yes,SSI (HUD),10/2/2016,733.0
1019,1966,185515,11/1/2018,Yes,Earned Income (HUD),3/28/2016,1100.0
1020,1973,185515,,Yes,Earned Income (HUD),12/17/2018,1600.0
1021,1975,423089,,Yes,SSDI (HUD),2/24/2016,715.0
1022,1979,423095,,Yes,Earned Income (HUD),4/1/2016,700.0
1023,1980,423096,,Yes,Earned Income (HUD),4/17/2016,1500.0
1024,1981,300220,,Yes,SSDI (HUD),2/1/2016,1156.0
1025,1982,447680,,Yes,SSI (HUD),1/23/2017,733.0
1026,1983,70856,,Yes,SSDI (HUD),10/19/2015,760.0
1027,1987,251086,,Yes,SSI (HUD),5/6/2012,733.0
1028,1989,373971,12/31/2017,Yes,Earned Income (HUD),5/4/2016,1000.0
1029,1990,169182,,Yes,SSI (HUD),5/6/2019,600.0
1030,1992,275690,,Yes,SSDI (HUD),12/21/2011,711.0
1031,1993,505067,,Yes,Earned Income (HUD),10/8/2019,720.0
1032,1994,177392,,Yes,SSI (HUD),4/1/2019,771.0
1033,1995,128245,,Yes,SSDI (HUD),12/14/2015,704.0
1034,1996,439545,,Yes,SSDI (HUD),10/4/2016,779.0
1035,1999,390406,,Yes,SSDI (HUD),1/13/2004,988.0
1036,2000,349449,,Yes,Earned Income (HUD),10/3/2018,2000.0
1037,2001,349449,12/31/2016,Yes,Earned Income (HUD),7/4/2014,1000.0
1038,2008,447760,,Yes,SSDI (HUD),5/15/2017,1309.0
1039,2009,488736,,Yes,SSI (HUD),8/8/2018,750.0
1040,2011,488737,,Yes,Earned Income (HUD),8/8/2018,1200.0
1041,2012,120098,,Yes,SSDI (HUD),4/13/2017,763.0
1042,2014,464163,,Yes,Earned Income (HUD),9/29/2017,1000.0
1043,2015,464164,,Yes,Earned Income (HUD),9/27/2017,1200.0
1044,2016,259367,,Yes,Earned Income (HUD),12/17/2018,1000.0
1045,2018,415015,,Yes,SSI (HUD),7/16/2019,646.0
1046,2020,455984,,Yes,SSDI (HUD),10/19/2017,549.0
1047,2021,382261,,Yes,Earned Income (HUD),5/19/2017,850.0
1048,2023,333120,,Yes,SSDI (HUD),12/31/2014,193.0
1049,2032,447809,,Yes,Earned Income (HUD),12/7/2016,340.0
1050,2034,447807,,Yes,Earned Income (HUD),4/3/2017,1200.0
1051,2036,398673,,Yes,SSDI (HUD),2/23/2019,1661.0
1052,2037,431448,,Yes,SSDI (HUD),6/24/2016,874.0
1053,2038,292185,,Yes,Earned Income (HUD),7/4/2017,1200.0
1054,2041,431450,,Yes,SSDI (HUD),6/15/2016,1100.0
1055,2042,357728,,Yes,Earned Income (HUD),3/10/2014,1600.0
1056,2044,218475,,Yes,SSI (HUD),6/17/2018,570.0
1057,2045,415098,,Yes,SSI (HUD),10/31/2015,500.0
1058,2046,415099,,Yes,SSI (HUD),11/1/2015,733.0
1059,2047,415100,,Yes,Earned Income (HUD),10/31/2015,360.0
1060,2048,415101,,Yes,SSDI (HUD),10/30/2015,777.0
1061,2049,415103,,Yes,Pension or retirement income from another job (HUD),11/6/2015,600.0
1062,2050,423292,,Yes,SSI (HUD),2/27/2016,733.0
1063,2051,423291,,Yes,SSDI (HUD),2/26/2016,300.0
1064,2052,456071,,Yes,Earned Income (HUD),10/9/2019,760.0
1065,2053,497056,,Yes,Earned Income (HUD),11/15/2018,400.0
1066,2054,497056,,Yes,Retirement Income From Social Security (HUD),11/15/2018,804.0
1067,2055,464307,,Yes,General Assistance (HUD),12/15/2017,2800.0
1068,2056,300487,,Yes,Earned Income (HUD),9/24/2019,500.0
1069,2057,300487,,Yes,SSDI (HUD),9/24/2019,400.0
1070,2060,366028,,Yes,SSDI (HUD),2/21/2018,832.0
1071,2061,169422,3/18/2019,Yes,SSDI (HUD),8/21/2015,698.0
1072,2062,169422,3/18/2019,Yes,SSI (HUD),8/21/2015,25.0
1073,2079,169422,,Yes,SSDI (HUD),3/19/2019,808.0
1074,2081,275918,,Yes,SSDI (HUD),6/15/2010,715.0
1075,2082,275918,,Yes,SSI (HUD),2/26/2017,769.0
1076,2084,275918,,Yes,SSDI (HUD),3/3/2017,769.0
1077,2086,169426,,Yes,SSI (HUD),4/17/2017,652.0
1078,2087,218579,4/21/2019,Yes,Earned Income (HUD),1/13/2019,375.0
1079,2088,218579,,Yes,Earned Income (HUD),4/21/2019,1260.0
1080,2089,407001,,Yes,Earned Income (HUD),8/4/2015,2000.0
1081,2091,407001,,Yes,Earned Income (HUD),11/14/2016,1400.0
1082,2093,488936,,Yes,VA Non-Service Connected Disability Pension (HUD),10/3/2018,90.0
1083,2094,488936,,Yes,VA Service Connected Disability Compensation (HUD),10/9/2018,1095.0
1084,2095,177647,,Yes,SSDI (HUD),12/14/2015,1200.0
1085,2097,161265,12/31/2017,Yes,Earned Income (HUD),7/27/2016,1200.0
1086,2101,161265,,Yes,Earned Income (HUD),7/12/2018,1600.0
1087,2102,284153,,Yes,Earned Income (HUD),12/1/2015,600.0
1088,2103,472573,4/22/2019,Yes,Earned Income (HUD),1/11/2018,350.0
1089,2104,415235,,Yes,General Assistance (HUD),1/23/2018,500.0
1090,2106,177671,,Yes,SSI (HUD),5/23/2015,600.0
1091,2107,366093,,Yes,Earned Income (HUD),1/15/2019,1100.0
1092,2108,169498,,Yes,VA Non-Service Connected Disability Pension (HUD),12/21/2017,90.0
1093,2109,210475,,Yes,Retirement Income From Social Security (HUD),9/25/2010,664.0
1094,2111,439857,,Yes,SSI (HUD),10/4/2016,753.0
1095,2112,382535,,Yes,Earned Income (HUD),9/22/2016,500.0
1096,2113,398927,,Yes,SSDI (HUD),5/27/1999,980.0
1097,2115,251488,3/1/2016,Yes,Earned Income (HUD),7/1/2015,1240.0
1098,2116,251488,10/12/2018,Yes,Earned Income (HUD),8/27/2016,1000.0
1099,2119,251488,6/1/2015,Yes,Earned Income (HUD),1/15/2015,1014.0
1100,2121,226914,,Yes,SSI (HUD),12/12/2016,733.0
1101,2123,415333,,Yes,SSI (HUD),11/3/2015,733.0
1102,2124,276087,,Yes,Worker's Compensation (HUD),7/30/2017,2500.0
1103,2125,439931,,Yes,Retirement Income From Social Security (HUD),4/29/2019,850.0
1104,2126,439931,,Yes,VA Service Connected Disability Compensation (HUD),4/29/2019,879.0
1105,2127,317063,,Yes,SSI (HUD),11/9/2015,733.0
1106,2129,423563,,Yes,SSI (HUD),2/25/2016,733.0
1107,2132,325263,,Yes,Earned Income (HUD),12/19/2018,2400.0
1108,2133,325263,,Yes,Earned Income (HUD),1/7/2019,1500.0
1109,2134,104087,,Yes,Earned Income (HUD),6/29/2016,400.0
1110,2140,104087,3/3/2019,Yes,Earned Income (HUD),6/5/2017,1000.0
1111,2144,104087,,Yes,Earned Income (HUD),4/19/2019,1600.0
1112,2149,472730,,Yes,Other (HUD),3/1/2018,50.0
1113,2150,472732,,Yes,Earned Income (HUD),8/16/2018,1000.0
1114,2151,472732,,Yes,SSDI (HUD),1/16/2019,771.0
1115,2152,489122,,Yes,Earned Income (HUD),11/19/2018,640.0
1116,2153,489122,,Yes,SSDI (HUD),12/21/2018,847.0
1117,2154,415399,,Yes,SSDI (HUD),3/30/2016,660.0
1118,2155,415399,,Yes,SSI (HUD),3/30/2016,70.0
1119,2162,284328,,Yes,SSDI (HUD),5/12/2018,1620.0
1120,2163,284328,,Yes,VA Service Connected Disability Compensation (HUD),5/12/2018,266.0
1121,2164,390827,,Yes,SSI (HUD),1/18/2005,733.0
1122,2165,448175,12/31/2017,Yes,Earned Income (HUD),1/28/2017,1200.0
1123,2166,448175,,Yes,Earned Income (HUD),5/10/2018,1700.0
1124,2167,399024,,Yes,Earned Income (HUD),6/10/2015,1000.0
1125,2173,399028,,Yes,Earned Income (HUD),8/12/2015,700.0
1126,2175,169662,,Yes,SSI (HUD),6/28/2011,674.0
1127,2177,382672,6/1/2016,Yes,Earned Income (HUD),10/20/2014,1600.0
1128,2179,358124,,Yes,Child Support (HUD),2/18/2014,75.0
1129,2182,431858,,Yes,SSI (HUD),6/27/2016,758.0
1130,2185,481015,,Yes,Worker's Compensation (HUD),5/1/2018,800.0
1131,2186,481016,,Yes,Earned Income (HUD),5/1/2018,950.0
1132,2187,497406,,Yes,SSDI (HUD),11/26/2018,780.0
1133,2188,497406,,Yes,SSDI (HUD),11/26/2018,775.0
1134,2189,374526,,Yes,Unemployment Insurance (HUD),3/2/2015,1200.0
1135,2191,120580,6/2/2019,Yes,Other (HUD),6/8/2009,960.0
1136,2192,120580,6/2/2019,Yes,Retirement Income From Social Security (HUD),5/31/2013,990.0
1137,2193,120580,6/2/2019,Yes,SSI (HUD),2/27/2017,1025.0
1138,2194,120580,,Yes,SSDI (HUD),6/3/2019,1047.0
1139,2195,227088,,Yes,SSDI (HUD),9/29/2016,850.0
1140,2196,276269,,Yes,SSI (HUD),12/4/2015,733.0
1141,2202,71472,,Yes,SSDI (HUD),10/10/2016,491.0
1142,2203,71472,,Yes,SSI (HUD),10/10/2016,262.0
1143,2204,423732,,Yes,SSI (HUD),3/6/2016,733.0
1144,2206,333630,,Yes,Earned Income (HUD),5/12/2014,639.0
1145,2207,431954,,Yes,SSI (HUD),7/4/2016,733.0
1146,2208,374609,,Yes,Earned Income (HUD),7/10/2018,1000.0
1147,2209,481110,,Yes,Earned Income (HUD),8/6/2018,1000.0
1148,2211,481111,,Yes,SSDI (HUD),5/2/2018,485.0
1149,2214,456554,,Yes,Earned Income (HUD),6/2/2017,800.0
1150,2216,407414,,Yes,SSDI (HUD),3/21/2017,1062.0
1151,2217,481146,,Yes,Earned Income (HUD),5/6/2019,2200.0
1152,2218,415631,,Yes,SSI (HUD),11/5/2015,730.0
1153,2219,415632,,Yes,SSDI (HUD),11/5/2015,966.0
1154,2220,399249,,Yes,SSDI (HUD),5/6/2012,1400.0
1155,2221,440230,,Yes,Pension or retirement income from another job (HUD),10/7/2016,790.0
1156,2222,440231,,Yes,SSI (HUD),10/10/2016,733.0
1157,2224,456628,,Yes,Earned Income (HUD),9/1/2017,1600.0
1158,2225,464822,,Yes,Earned Income (HUD),10/7/2017,1200.0
1159,2226,464822,,Yes,General Assistance (HUD),11/30/2017,0.0
1160,2227,464822,,Yes,General Assistance (HUD),11/30/2017,
1161,2228,464823,,Yes,Earned Income (HUD),10/7/2017,1800.0
1162,2229,464823,,Yes,General Assistance (HUD),10/7/2017,1800.0
1163,2230,464827,,Yes,Earned Income (HUD),10/6/2017,2000.0
1164,2231,464827,,Yes,SSI (HUD),10/6/2017,680.0
1165,2232,333756,,Yes,Earned Income (HUD),3/25/2019,1500.0
1166,2233,333756,,Yes,Earned Income (HUD),4/3/2019,1800.0
1167,2234,473014,,Yes,Earned Income (HUD),1/15/2019,800.0
1168,2235,415679,,Yes,SSI (HUD),9/13/2016,635.0
1169,2236,333763,,Yes,Earned Income (HUD),2/8/2016,1200.0
1170,2245,423879,,Yes,SSDI (HUD),3/7/2016,155.0
1171,2246,391122,,Yes,SSDI (HUD),1/22/2015,974.0
1172,2247,391122,,Yes,VA Service Connected Disability Compensation (HUD),1/22/2015,263.0
1173,2248,399342,,Yes,Earned Income (HUD),5/7/2015,1760.0
1174,2251,415733,,Yes,SSI (HUD),11/6/2015,400.0
1175,2256,415734,,Yes,SSI (HUD),11/12/2015,733.0
1176,2258,440335,,Yes,Earned Income (HUD),10/10/2016,700.0
1177,2259,464948,,Yes,SSI (HUD),10/9/2017,735.0
1178,2260,325687,,Yes,Earned Income (HUD),10/22/2018,1500.0
1179,2262,301121,,Yes,SSI (HUD),6/6/2016,733.0
1180,2265,301121,,Yes,SSI (HUD),11/15/2018,750.0
1181,2266,424004,,Yes,Earned Income (HUD),8/1/2018,1000.0
1182,2267,194645,,Yes,SSDI (HUD),7/8/2016,688.0
1183,2268,194645,,Yes,SSI (HUD),7/8/2016,83.0
1184,2271,481377,,Yes,Other (HUD),5/7/2018,959.0
1185,2272,481377,,Yes,SSDI (HUD),5/7/2018,672.0
1186,2273,481382,,Yes,Earned Income (HUD),5/7/2018,1000.0
1187,2274,424071,,Yes,Earned Income (HUD),3/1/2016,600.0
1188,2275,211088,,Yes,SSI (HUD),1/13/2015,654.0
1189,2278,309393,,Yes,SSDI (HUD),1/9/2018,1500.0
1190,2280,309394,,Yes,SSDI (HUD),4/30/2019,720.0
1191,2281,178324,,Yes,SSI (HUD),6/19/2017,730.0
1192,2284,194712,,Yes,SSDI (HUD),12/24/2018,1300.0
1193,2286,88229,,Yes,SSI (HUD),2/5/2006,740.0
1194,2287,96427,,Yes,VA Service Connected Disability Compensation (HUD),3/16/1985,3500.0
1195,2289,383149,,Yes,Earned Income (HUD),3/11/2015,720.0
1196,2291,448688,,Yes,SSDI (HUD),2/1/2017,924.0
1197,2292,391343,,Yes,SSDI (HUD),1/22/2003,1572.0
1198,2294,96440,,Yes,SSI (HUD),9/6/2018,600.0
1199,2295,489666,,Yes,Retirement Income From Social Security (HUD),8/15/2018,1293.0
1200,2296,186593,,Yes,Earned Income (HUD),4/21/2017,800.0
1201,2301,448742,,Yes,SSDI (HUD),11/18/2016,1200.0
1202,2302,88294,12/31/2017,Yes,SSDI (HUD),7/29/2017,926.0
1203,2303,88294,,Yes,SSDI (HUD),7/7/2018,947.0
1204,2304,194795,,Yes,Earned Income (HUD),10/31/2012,600.0
1205,2309,481515,,Yes,SSI (HUD),5/8/2018,750.0
1206,2310,162032,,Yes,SSI (HUD),1/3/2018,700.0
1207,2312,301301,,Yes,Earned Income (HUD),9/9/2016,400.0
1208,2315,301301,,Yes,Earned Income (HUD),5/12/2019,1680.0
1209,2316,284920,,Yes,SSDI (HUD),6/4/2019,400.0
1210,2317,284920,,Yes,SSI (HUD),6/4/2019,400.0
1211,2318,284920,6/3/2019,Yes,SSDI (HUD),6/15/2001,605.0
1212,2319,415993,,Yes,VA Service Connected Disability Compensation (HUD),11/10/2015,4000.0
1213,2321,219392,,Yes,Earned Income (HUD),12/4/2015,1440.0
1214,2322,252170,,Yes,Earned Income (HUD),6/6/2016,500.0
1215,2327,178445,,Yes,General Assistance (HUD),10/31/2017,700.0
1216,2328,432407,,Yes,Child Support (HUD),7/8/2016,208.0
1217,2329,440604,,Yes,Retirement Income From Social Security (HUD),10/13/2016,1679.0
1218,2330,448799,,Yes,VA Service Connected Disability Compensation (HUD),2/6/2017,1000.0
1219,2332,162085,,Yes,SSI (HUD),6/10/2019,771.0
1220,2333,153907,,Yes,SSDI (HUD),11/10/2018,721.0
1221,2334,489790,,Yes,SSDI (HUD),8/8/2018,601.0
1222,2335,489790,,Yes,SSI (HUD),8/8/2018,169.0
1223,2336,416074,,Yes,Earned Income (HUD),2/18/2019,14.5
1224,2337,170314,,Yes,Earned Income (HUD),10/1/2019,1600.0
1225,2338,178516,,Yes,Earned Income (HUD),2/8/2015,400.0
1226,2340,194903,5/10/2019,Yes,General Assistance (HUD),7/4/2018,720.0
1227,2341,194922,,Yes,SSI (HUD),3/27/2010,805.0
1228,2342,285041,,Yes,SSI (HUD),1/28/2013,710.0
1229,2343,285066,,Yes,SSI (HUD),1/6/2014,721.0
1230,2346,309651,,Yes,Earned Income (HUD),6/5/2015,704.0
1231,2350,489875,,Yes,SSDI (HUD),8/21/2018,1208.0
1232,2351,227732,,Yes,SSI (HUD),6/10/2019,771.0
1233,2353,358806,,Yes,Earned Income (HUD),9/6/2016,350.0
1234,2354,432549,,Yes,SSDI (HUD),3/26/2018,721.0
1235,2355,432549,,Yes,SSI (HUD),3/26/2018,49.0
1236,2356,498085,,Yes,Earned Income (HUD),4/1/2019,600.0
1237,2357,309677,,Yes,SSDI (HUD),8/22/2016,750.0
1238,2358,473521,,Yes,Other (HUD),6/25/2018,
1239,2359,473521,,Yes,SSDI (HUD),1/24/2018,500.0
1240,2360,473521,,Yes,SSI (HUD),1/24/2018,233.0
1241,2361,473523,,Yes,SSI (HUD),1/15/2018,750.0
1242,2362,203189,,Yes,Earned Income (HUD),9/12/2016,1680.0
1243,2364,473525,,Yes,Other (HUD),1/21/2018,400.0
1244,2366,326073,3/18/2019,Yes,Earned Income (HUD),9/6/2016,850.0
1245,2367,326073,3/18/2019,Yes,SSDI (HUD),9/6/2016,1597.0
1246,2370,326073,,Yes,Earned Income (HUD),3/19/2019,1200.0
1247,2371,326073,,Yes,SSDI (HUD),3/19/2019,1679.0
1248,2372,6597,,Yes,Earned Income (HUD),2/5/2003,144.0
1249,2373,424403,,Yes,Earned Income (HUD),3/14/2016,800.0
1250,2378,424404,,Yes,SSDI (HUD),3/14/2016,859.0
1251,2380,506343,,Yes,Earned Income (HUD),3/25/2019,1800.0
1252,2382,498153,,Yes,SSI (HUD),4/23/2019,700.0
1253,2383,457200,,Yes,Retirement Income From Social Security (HUD),6/14/2017,1688.0
1254,2385,219636,10/2/2017,Yes,Earned Income (HUD),2/29/2016,1000.0
1255,2387,219636,,Yes,Worker's Compensation (HUD),10/2/2017,1000.0
1256,2388,440820,,Yes,SSI (HUD),10/16/2016,733.0
1257,2390,481783,,Yes,Earned Income (HUD),7/16/2018,1480.0
1258,2391,481784,,Yes,SSDI (HUD),5/9/2018,1013.0
1259,2393,506360,,Yes,Earned Income (HUD),3/22/2019,2400.0
1260,2394,178701,,Yes,SSI (HUD),6/3/2013,707.0
1261,2397,399892,,Yes,SSDI (HUD),6/7/2016,750.0
1262,2401,465430,,Yes,Earned Income (HUD),10/12/2017,1000.0
1263,2402,219671,,Yes,SSI (HUD),10/11/2011,500.0
1264,2406,416285,,Yes,Earned Income (HUD),11/13/2015,600.0
1265,2408,350748,,Yes,SSI (HUD),2/1/2017,732.0
1266,2409,473630,,Yes,Earned Income (HUD),1/18/2018,1200.0
1267,2410,473630,,Yes,Earned Income (HUD),1/26/2018,1200.0
1268,2411,399903,,Yes,SSDI (HUD),5/13/2015,990.0
1269,2413,432679,,Yes,Earned Income (HUD),7/1/2016,1600.0
1270,2414,432679,,Yes,Earned Income (HUD),7/5/2016,1000.0
1271,2415,432681,,Yes,Other (HUD),7/1/2016,4000.0
1272,2418,227895,,Yes,Earned Income (HUD),3/22/2017,600.0
1273,2419,227895,,Yes,Earned Income (HUD),8/15/2017,1000.0
1274,2420,178760,,Yes,Retirement Income From Social Security (HUD),7/1/2014,1400.0
1275,2421,457295,,Yes,SSI (HUD),6/19/2017,600.0
1276,2422,399969,,Yes,Earned Income (HUD),5/15/2015,1080.0
1277,2423,399969,,Yes,SSI (HUD),9/3/2015,733.0
1278,2424,367206,,Yes,Worker's Compensation (HUD),8/1/2017,678.0
1279,2426,367206,,Yes,Earned Income (HUD),10/5/2019,1920.0
1280,2428,473723,,Yes,Earned Income (HUD),1/26/2018,300.0
1281,2430,350852,,Yes,SSI (HUD),7/3/2019,771.0
1282,2431,416394,,Yes,SSDI (HUD),11/16/2015,1000.0
1283,2437,416395,,Yes,SSI (HUD),11/16/2015,820.0
1284,2439,154253,,Yes,SSI (HUD),9/11/2016,489.0
1285,2440,154253,,Yes,VA Service Connected Disability Compensation (HUD),9/11/2016,266.0
1286,2443,334496,,Yes,SSDI (HUD),2/21/2017,661.0
1287,2444,367285,,Yes,SSDI (HUD),12/14/2005,740.0
1288,2445,391862,,Yes,SSI (HUD),6/7/2016,733.0
1289,2446,400076,,Yes,SSI (HUD),5/18/1997,750.0
1290,2448,457430,,Yes,SSI (HUD),6/19/2017,735.0
1291,2449,482006,8/25/2019,Yes,Earned Income (HUD),8/1/2018,1200.0
1292,2450,465624,,Yes,TANF (HUD),10/16/2017,1469.0
1293,2451,482008,,Yes,SSI (HUD),5/15/2018,725.0
1294,2452,482007,4/10/2019,Yes,Other (HUD),5/14/2018,248.0
1295,2453,482007,4/10/2019,Yes,SSDI (HUD),5/14/2018,620.0
1296,2454,482007,,Yes,Private Disability Insurance (HUD),4/11/2019,246.0
1297,2455,482007,,Yes,SSDI (HUD),4/11/2019,880.0
1298,2456,441070,,Yes,Earned Income (HUD),10/15/2016,1000.0
1299,2457,162560,,Yes,SSDI (HUD),5/3/2019,507.0
1300,2458,260878,12/31/2016,Yes,Earned Income (HUD),8/17/2015,600.0
1301,2459,260878,,Yes,Earned Income (HUD),7/9/2018,800.0
1302,2460,6936,,Yes,Earned Income (HUD),5/19/2019,1680.0
1303,2461,383781,,Yes,SSDI (HUD),1/1/2015,598.0
1304,2462,383781,,Yes,SSI (HUD),1/1/2015,35.0
1305,2471,154406,,Yes,SSI (HUD),3/23/2016,640.0
1306,2472,301864,,Yes,Earned Income (HUD),3/27/2017,2720.0
1307,2474,318262,,Yes,Earned Income (HUD),8/15/2015,1400.0
1308,2477,351045,3/3/2019,Yes,SSI (HUD),2/5/2015,659.0
1309,2478,351045,,Yes,SSI (HUD),10/3/2016,659.0
1310,2480,351045,,Yes,SSI (HUD),3/4/2019,771.0
1311,2484,162631,,Yes,SSI (HUD),4/23/2018,760.0
1312,2485,432969,,Yes,SSDI (HUD),7/5/2016,610.0
1313,2486,432970,,Yes,SSDI (HUD),7/5/2016,699.0
1314,2487,375650,,Yes,SSDI (HUD),8/11/2014,733.0
1315,2488,375650,,Yes,TANF (HUD),8/11/2014,107.0
1316,2489,424809,,Yes,SSI (HUD),3/17/2016,711.0
1317,2490,293739,,Yes,SSI (HUD),4/18/2018,915.0
1318,2491,498539,,Yes,SSDI (HUD),12/15/2018,693.0
1319,2492,129902,,Yes,Earned Income (HUD),4/1/2019,600.0
1320,2493,334705,,Yes,SSDI (HUD),1/24/2017,1000.0
1321,2494,162677,,Yes,SSI (HUD),10/26/2015,733.0
1322,2495,187262,,Yes,Other (HUD),4/13/2015,480.0
1323,2496,441221,,Yes,Earned Income (HUD),10/17/2016,1100.0
1324,2502,441221,,Yes,Retirement Income From Social Security (HUD),10/7/2019,421.0
1325,2503,441221,,Yes,Retirement Income From Social Security (HUD),10/7/2019,
1326,2504,187276,,Yes,SSI (HUD),8/15/2015,733.0
1327,2507,359310,1/14/2019,Yes,Earned Income (HUD),4/17/2015,480.0
1328,2508,498577,,Yes,SSDI (HUD),12/7/2018,695.0
1329,2509,465810,,Yes,SSDI (HUD),12/16/2017,500.0
1330,2510,195489,5/1/2018,Yes,Earned Income (HUD),2/16/2017,800.0
1331,2515,72612,,Yes,SSI (HUD),2/11/2017,750.0
1332,2518,498604,,Yes,Earned Income (HUD),12/8/2018,1600.0
1333,2519,498604,,Yes,Earned Income (HUD),12/19/2018,1920.0
1334,2520,416696,,Yes,SSDI (HUD),2/12/2016,1575.0
1335,2527,392119,,Yes,Earned Income (HUD),1/2/2015,1000.0
1336,2529,277444,,Yes,Earned Income (HUD),10/10/2019,2240.0
1337,2530,433097,,Yes,SSDI (HUD),7/1/2016,625.0
1338,2531,433097,,Yes,SSI (HUD),7/1/2016,90.0
1339,2534,449483,,Yes,Retirement Income From Social Security (HUD),8/26/2019,248.0
1340,2535,449483,,Yes,SSI (HUD),8/26/2019,278.0
1341,2536,449484,,Yes,SSI (HUD),2/14/2017,735.0
1342,2537,146403,,Yes,Earned Income (HUD),1/27/2016,1600.0
1343,2538,211950,,Yes,Earned Income (HUD),2/1/2017,300.0
1344,2539,465903,,Yes,Earned Income (HUD),3/15/2018,500.0
1345,2540,498675,,Yes,Earned Income (HUD),12/17/2018,400.0
1346,2541,416771,,Yes,SSI (HUD),11/22/2015,733.0
1347,2542,203783,,Yes,Earned Income (HUD),11/8/2012,1000.0
1348,2545,375815,,Yes,SSDI (HUD),12/12/2016,1400.0
1349,2546,474120,,Yes,Earned Income (HUD),1/31/2018,1600.0
1350,2547,474121,,Yes,Earned Income (HUD),1/31/2018,1000.0
1351,2548,113675,,Yes,Earned Income (HUD),9/11/2019,2640.0
1352,2549,228375,,Yes,Other (HUD),4/10/2015,480.0
1353,2550,211998,,Yes,SSDI (HUD),7/23/2018,528.0
1354,2551,424996,,Yes,Earned Income (HUD),3/21/2016,600.0
1355,2552,424997,,Yes,Earned Income (HUD),4/1/2016,1900.0
1356,2554,367659,,Yes,Earned Income (HUD),6/3/2015,1200.0
1357,2556,375893,,Yes,SSDI (HUD),2/14/2017,803.0
1358,2557,326742,,Yes,SSI (HUD),5/31/2019,746.0
1359,2558,285806,,Yes,Earned Income (HUD),9/11/2017,1000.0
1360,2559,449670,,Yes,Earned Income (HUD),2/13/2017,500.0
1361,2560,433288,,Yes,SSDI (HUD),7/20/2016,500.0
1362,2561,433289,,Yes,Earned Income (HUD),7/18/2016,500.0
1363,2562,220296,10/5/2018,Yes,Earned Income (HUD),9/5/2018,1500.0
1364,2563,318609,,Yes,SSI (HUD),2/13/2013,780.0
1365,2564,384147,,Yes,Earned Income (HUD),9/1/2015,1000.0
1366,2565,384147,,Yes,SSDI (HUD),10/29/2014,1300.0
1367,2569,179356,11/8/2018,Yes,SSDI (HUD),3/1/2018,905.0
1368,2570,179356,,Yes,SSDI (HUD),11/9/2018,920.0
1369,2571,441505,,Yes,Earned Income (HUD),10/22/2016,350.0
1370,2573,441507,,Yes,SSDI (HUD),10/21/2016,585.0
1371,2574,441507,,Yes,SSI (HUD),10/21/2016,95.0
1372,2577,441508,,Yes,Earned Income (HUD),10/22/2016,1600.0
1373,2579,457893,,Yes,SSDI (HUD),6/30/2017,700.0
1374,2581,392382,,Yes,SSI (HUD),2/8/2015,733.0
1375,2582,392389,,Yes,SSI (HUD),2/5/2012,630.0
1376,2584,416982,12/31/2016,Yes,Earned Income (HUD),12/1/2015,925.0
1377,2586,416982,,Yes,Earned Income (HUD),10/9/2018,2000.0
1378,2587,408793,,Yes,Earned Income (HUD),8/17/2015,600.0
1379,2588,433377,,Yes,Earned Income (HUD),7/21/2016,900.0
1380,2589,335080,,Yes,Earned Income (HUD),12/2/2016,200.0
1381,2590,490730,,Yes,Earned Income (HUD),9/1/2018,200.0
1382,2591,195816,,Yes,SSI (HUD),1/1/2015,733.0
1383,2593,490732,,Yes,SSDI (HUD),9/3/2018,730.0
1384,2596,351468,,Yes,SSDI (HUD),7/13/2015,750.0
1385,2597,97518,,Yes,SSDI (HUD),7/7/2016,639.0
1386,2599,318721,,Yes,SSI (HUD),3/19/2019,500.0
1387,2600,318722,,Yes,SSDI (HUD),11/20/2017,800.0
1388,2601,130335,,Yes,SSI (HUD),1/1/2015,733.0
1389,2607,441636,,Yes,Earned Income (HUD),10/24/2016,1200.0
1390,2608,474416,,Yes,SSI (HUD),2/5/2018,350.0
1391,2609,433461,,Yes,Earned Income (HUD),7/24/2016,400.0
1392,2611,294203,,Yes,SSDI (HUD),1/17/2017,727.0
1393,2614,171340,,Yes,Earned Income (HUD),5/15/2017,219.0
1394,2615,384356,,Yes,Earned Income (HUD),10/30/2014,600.0
1395,2618,359796,,Yes,SSI (HUD),2/20/1979,733.0
1396,2619,425364,,Yes,Earned Income (HUD),3/25/2016,300.0
1397,2620,425365,,Yes,Unemployment Insurance (HUD),3/28/2016,640.0
1398,2621,474517,,Yes,Earned Income (HUD),2/6/2018,1600.0
1399,2622,458135,,Yes,VA Service Connected Disability Compensation (HUD),12/8/2017,1400.0
1400,2623,433565,,Yes,SSI (HUD),7/25/2016,650.0
1401,2624,433565,,Yes,SSI (HUD),11/1/2016,650.0
1402,2625,449958,,Yes,Private Disability Insurance (HUD),2/17/2017,120.0
1403,2626,449958,,Yes,SSI (HUD),2/17/2017,930.0
1404,2627,335270,,Yes,SSDI (HUD),3/23/2017,900.0
1405,2628,171435,,Yes,SSDI (HUD),11/6/2015,707.0
1406,2629,171448,,Yes,SSI (HUD),5/8/2018,756.0
1407,2630,171448,,Yes,SSDI (HUD),4/2/2019,741.0
1408,2634,343490,,Yes,Earned Income (HUD),3/23/2015,800.0
1409,2636,466391,,Yes,Earned Income (HUD),11/10/2017,800.0
1410,2638,474593,,Yes,Earned Income (HUD),2/5/2018,800.0
1411,2639,409062,,Yes,Earned Income (HUD),8/16/2015,1650.0
1412,2642,286184,,Yes,Earned Income (HUD),5/18/2019,1600.0
1413,2644,458217,,Yes,Earned Income (HUD),7/4/2017,900.0
1414,2645,458217,,Yes,Earned Income (HUD),7/4/2017,1929.0
1415,2648,417266,,Yes,Earned Income (HUD),11/23/2015,
1416,2649,417266,,Yes,Earned Income (HUD),12/7/2015,1000.0
1417,2650,417266,,Yes,Earned Income (HUD),12/23/2015,1000.0
1418,2653,278004,,Yes,SSI (HUD),7/21/2013,733.0
1419,2654,278004,,Yes,SSI (HUD),1/1/2015,733.0
1420,2661,368111,,Yes,SSDI (HUD),5/15/2017,792.0
1421,2662,179707,,Yes,SSI (HUD),11/2/2016,733.0
1422,2663,392703,,Yes,Earned Income (HUD),4/8/2019,600.0
1423,2664,204290,,Yes,SSDI (HUD),10/15/2018,617.0
1424,2665,204290,,Yes,SSI (HUD),10/15/2018,154.0
1425,2668,474630,,Yes,Earned Income (HUD),5/6/2019,2115.0
1426,2669,474631,,Yes,Worker's Compensation (HUD),2/7/2018,850.0
1427,2670,474631,,Yes,Earned Income (HUD),1/18/2019,900.0
1428,2672,474632,7/18/2018,Yes,SSDI (HUD),2/7/2018,805.0
1429,2673,474632,,Yes,SSI (HUD),7/18/2018,750.0
1430,2674,130576,,Yes,Earned Income (HUD),11/4/2014,1000.0
1431,2675,474647,,Yes,Earned Income (HUD),10/1/2019,1440.0
1432,2676,253473,,Yes,SSDI (HUD),8/10/2011,855.0
1433,2677,441891,,Yes,Earned Income (HUD),10/19/2017,800.0
1434,2678,499237,,Yes,Earned Income (HUD),12/24/2018,800.0
1435,2679,499237,,Yes,Earned Income (HUD),1/10/2019,800.0
1436,2680,499239,3/9/2019,Yes,Earned Income (HUD),2/20/2019,1600.0
1437,2681,499239,,Yes,General Assistance (HUD),12/24/2018,800.0
1438,2682,384548,,Yes,SSDI (HUD),10/7/2019,771.0
1439,2683,384547,,Yes,Earned Income (HUD),4/8/2015,700.0
1440,2684,204335,10/5/2018,Yes,Earned Income (HUD),10/22/2015,1400.0
1441,2686,204335,,Yes,Earned Income (HUD),12/17/2018,1600.0
1442,2687,458307,,Yes,Earned Income (HUD),7/7/2017,800.0
1443,2688,458308,,Yes,SSDI (HUD),7/7/2017,1152.0
1444,2689,466502,,Yes,Earned Income (HUD),4/12/2018,760.0
1445,2690,376396,,Yes,Earned Income (HUD),11/30/2014,868.0
1446,2691,261739,,Yes,SSDI (HUD),4/11/2016,1113.0
1447,2697,204395,,Yes,Earned Income (HUD),10/11/2018,1800.0
1448,2698,130671,,Yes,SSI (HUD),3/19/2018,770.0
1449,2700,409235,,Yes,Earned Income (HUD),8/17/2015,840.0
1450,2701,81556,,Yes,SSI (HUD),12/15/2017,660.0
1451,2702,409250,,Yes,Other (HUD),3/4/2016,420.0
1452,2703,409250,,Yes,SSI (HUD),3/4/2016,319.0
1453,2706,147114,,Yes,SSI (HUD),9/8/2009,674.0
1454,2707,212660,,Yes,SSDI (HUD),9/11/2019,1060.0
1455,2708,286400,,Yes,SSI (HUD),9/19/2016,659.0
1456,2709,392904,3/31/2019,Yes,Other (HUD),9/12/2016,4000.0
1457,2710,335566,,Yes,Earned Income (HUD),8/12/2016,1600.0
1458,2712,474854,,Yes,SSDI (HUD),2/10/2018,750.0
1459,2714,425704,,Yes,SSDI (HUD),4/1/2016,908.0
1460,2715,474855,,Yes,Earned Income (HUD),1/3/2019,1260.0
1461,2716,425710,,Yes,SSI (HUD),3/28/2016,740.0
1462,2717,442102,,Yes,Earned Income (HUD),10/27/2016,200.0
1463,2718,442103,,Yes,Earned Income (HUD),10/27/2016,800.0
1464,2719,179960,,Yes,SSDI (HUD),12/28/2015,700.0
1465,2723,196342,,Yes,SSI (HUD),1/1/2009,771.0
1466,2724,417533,,Yes,Earned Income (HUD),12/20/2015,700.0
1467,2725,179965,,Yes,Earned Income (HUD),12/21/2015,1200.0
1468,2729,384776,,Yes,Earned Income (HUD),5/1/2014,500.0
1469,2731,384777,,Yes,Earned Income (HUD),10/1/2014,1600.0
1470,2732,188182,,Yes,Earned Income (HUD),6/4/2014,1300.0
1471,2733,130847,,Yes,SSDI (HUD),9/9/2019,805.0
1472,2734,360237,11/25/2015,Yes,Earned Income (HUD),3/8/2015,380.0
1473,2736,360237,7/18/2018,Yes,Earned Income (HUD),7/19/2016,760.0
1474,2738,360237,,Yes,Earned Income (HUD),11/19/2018,450.0
1475,2743,393036,,Yes,VA Service Connected Disability Compensation (HUD),2/16/2015,4700.0
1476,2745,393039,,Yes,SSDI (HUD),2/15/1979,763.0
1477,2746,311126,,Yes,Earned Income (HUD),6/1/2017,1000.0
1478,2748,507760,,Yes,Retirement Income From Social Security (HUD),4/10/2019,747.0
1479,2749,384883,,Yes,SSI (HUD),8/6/2019,771.0
1480,2751,417655,,Yes,SSDI (HUD),12/3/2015,1000.0
1481,2752,417656,,Yes,Earned Income (HUD),12/3/2015,1400.0
1482,2759,499578,,Yes,Earned Income (HUD),1/10/2019,500.0
1483,2760,450442,,Yes,Earned Income (HUD),5/1/2017,800.0
1484,2761,180107,,Yes,SSDI (HUD),5/19/2016,1603.0
1485,2762,180107,,Yes,VA Non-Service Connected Disability Pension (HUD),5/19/2016,366.46
1486,2763,212916,,Yes,SSDI (HUD),1/5/2015,733.0
1487,2764,278464,,Yes,Worker's Compensation (HUD),3/14/2018,1450.0
1488,2765,442316,,Yes,Earned Income (HUD),11/14/2016,2200.0
1489,2766,73679,,Yes,SSI (HUD),2/10/2017,735.0
1490,2767,335836,,Yes,Earned Income (HUD),9/16/2019,1000.0
1491,2768,376797,,Yes,Other (HUD),4/13/2015,480.0
1492,2769,204770,,Yes,Earned Income (HUD),11/28/2018,1900.0
1493,2771,491501,,Yes,Earned Income (HUD),10/1/2018,1440.0
1494,2772,409587,,Yes,SSDI (HUD),8/26/2015,960.0
1495,2773,106490,,Yes,SSI (HUD),10/24/2017,730.0
1496,2774,401403,,Yes,SSI (HUD),2/2/2016,648.0
