,index,ClientID,IncomeEndDateEntry,IncomeEntry,IncomeSourceEntry,IncomeStartDateEntry,MonthlyIncomeEntry
0,0,425991,,Yes,Other (HUD),4/6/2016,400.0
1,1,172046,,Yes,SSDI (HUD),1/1/2014,733.0
2,3,434193,,Yes,Pension or retirement income from another job (HUD),8/1/2016,1300.0
3,4,434193,,Yes,SSDI (HUD),8/1/2016,1852.0
4,5,368693,,Yes,Earned Income (HUD),4/10/2017,250.0
5,6,368693,,Yes,Retirement Income From Social Security (HUD),4/10/2017,1450.0
6,15,401492,,Yes,SSDI (HUD),6/6/2015,229.0
7,16,401492,,Yes,SSI (HUD),6/6/2015,524.0
8,17,401494,,Yes,SSI (HUD),6/3/2015,488.0
9,19,401495,,Yes,Earned Income (HUD),6/3/2015,1500.0
10,21,401497,,Yes,SSI (HUD),6/2/2015,733.0
11,23,417907,,Yes,Earned Income (HUD),1/3/2019,1200.0
12,24,286837,,Yes,SSDI (HUD),6/20/2018,1116.0
13,25,360593,,Yes,SSDI (HUD),1/4/2016,733.0
14,28,450717,,Yes,Earned Income (HUD),3/6/2017,300.0
15,29,450719,,Yes,SSDI (HUD),3/4/2017,731.0
16,30,123044,,Yes,Earned Income (HUD),12/6/2016,1600.0
17,31,450723,,Yes,SSDI (HUD),3/6/2017,611.0
18,32,450723,,Yes,SSI (HUD),3/6/2017,142.0
19,35,401581,,Yes,SSI (HUD),12/22/2015,733.0
20,37,467120,,Yes,Earned Income (HUD),10/30/2017,800.0
21,38,409781,,Yes,Earned Income (HUD),2/28/2018,360.0
22,39,467133,,Yes,Earned Income (HUD),10/24/2017,600.0
23,40,467137,5/7/2018,Yes,SSI (HUD),10/24/2017,715.0
24,42,467137,,Yes,SSI (HUD),5/8/2018,770.0
25,43,172231,,Yes,SSDI (HUD),5/3/2015,798.0
26,44,393430,,Yes,SSDI (HUD),2/23/2015,1200.0
27,45,442585,,Yes,Earned Income (HUD),9/29/2017,500.0
28,46,385243,,Yes,SSDI (HUD),2/7/2017,964.0
29,47,401629,,Yes,SSDI (HUD),6/2/1978,650.0
30,48,401629,,Yes,SSI (HUD),6/2/1978,101.0
31,49,475362,,Yes,SSI (HUD),2/26/2018,750.0
32,52,270571,,Yes,SSI (HUD),11/2/2011,674.0
33,55,409835,,Yes,General Assistance (HUD),10/7/2017,1200.0
34,56,270573,12/31/2017,Yes,SSI (HUD),9/12/2016,731.0
35,57,483566,,Yes,SSDI (HUD),4/23/2019,1200.0
36,58,499959,,Yes,SSDI (HUD),1/6/2019,1400.0
37,60,164096,,Yes,SSDI (HUD),3/7/2011,903.0
38,61,98566,,Yes,VA Service Connected Disability Compensation (HUD),12/12/2017,761.0
39,62,123153,,Yes,SSI (HUD),1/31/2012,733.0
40,63,123153,,Yes,SSI (HUD),1/31/2015,733.0
41,68,98579,,Yes,SSDI (HUD),10/28/1998,827.0
42,69,98579,,Yes,SSDI (HUD),4/9/2003,692.0
43,72,459027,,Yes,General Assistance (HUD),9/18/2017,1200.0
44,73,459027,,Yes,SSDI (HUD),9/18/2017,964.0
45,74,213268,,Yes,Alimony or Other Spousal Support (HUD),5/30/2015,400.0
46,75,213268,,Yes,,11/10/2010,111.0
47,76,16664,,Yes,SSI (HUD),11/2/2015,734.0
48,77,164121,2/1/2016,Yes,Other (HUD),11/1/2015,100.0
49,79,164121,,Yes,Earned Income (HUD),4/18/2016,1500.0
50,83,139570,,Yes,SSI (HUD),1/10/2016,733.0
51,84,385332,,Yes,SSI (HUD),11/27/2014,648.0
52,95,336186,,Yes,Earned Income (HUD),8/10/2015,300.0
53,96,393541,,Yes,Earned Income (HUD),2/24/2015,400.0
54,98,287048,12/18/2018,Yes,Worker's Compensation (HUD),3/28/2018,1200.0
55,101,287048,,Yes,Earned Income (HUD),1/27/2019,1440.0
56,105,450898,,Yes,SSI (HUD),3/20/2017,735.0
57,106,205139,,Yes,SSI (HUD),7/29/2019,746.0
58,107,180564,,Yes,SSI (HUD),2/1/2012,400.0
59,108,311660,,Yes,Earned Income (HUD),7/8/2019,600.0
60,109,311660,,Yes,SSDI (HUD),7/8/2019,1100.0
61,110,311660,7/7/2019,Yes,SSDI (HUD),1/1/2014,1006.0
62,111,115069,,Yes,Retirement Income From Social Security (HUD),11/17/2015,317.0
63,113,115069,,Yes,SSI (HUD),9/25/2017,1224.0
64,114,172434,,Yes,SSDI (HUD),10/2/2015,1127.0
65,118,352684,,Yes,Earned Income (HUD),3/29/2016,1400.0
66,120,418225,,Yes,SSDI (HUD),12/7/2015,695.0
67,126,385459,,Yes,Earned Income (HUD),10/3/2009,570.0
68,127,483773,,Yes,VA Service Connected Disability Compensation (HUD),6/6/2018,3200.0
69,128,401866,,Yes,Earned Income (HUD),5/13/2015,2100.0
70,130,147927,,Yes,SSDI (HUD),6/15/2016,751.0
71,133,106968,,Yes,SSI (HUD),2/1/2019,771.0
72,135,213477,,Yes,Earned Income (HUD),9/6/2016,800.0
73,137,147955,,Yes,Earned Income (HUD),7/29/2009,500.0
74,138,385539,,Yes,SSI (HUD),12/1/2014,250.0
75,139,385539,,Yes,VA Service Connected Disability Compensation (HUD),12/1/2014,1080.0
76,148,164357,,Yes,SSI (HUD),10/21/2015,734.0
77,150,434697,,Yes,SSDI (HUD),8/5/2016,740.0
78,151,426506,,Yes,SSDI (HUD),4/13/2016,864.0
79,153,434699,,Yes,Other (HUD),8/7/2016,25.0
80,154,434699,,Yes,Unemployment Insurance (HUD),8/7/2016,300.0
81,155,426508,,Yes,SSDI (HUD),4/13/2016,770.0
82,156,426508,,Yes,Earned Income (HUD),6/1/2016,500.0
83,158,434698,,Yes,SSI (HUD),8/7/2016,733.0
84,159,434700,,Yes,Earned Income (HUD),8/7/2016,2400.0
85,160,377361,,Yes,SSDI (HUD),2/20/2019,1333.0
86,162,492054,,Yes,SSI (HUD),9/20/2018,745.0
87,164,279075,,Yes,Earned Income (HUD),7/20/2016,800.0
88,165,410155,,Yes,Earned Income (HUD),11/23/2015,1148.0
89,166,475701,12/1/2018,Yes,SSDI (HUD),2/18/2018,642.0
90,168,197176,12/31/2016,Yes,Earned Income (HUD),8/6/2016,800.0
91,170,401978,,Yes,Earned Income (HUD),4/16/2015,1000.0
92,171,401978,,Yes,Pension or retirement income from another job (HUD),6/16/2004,2200.0
93,174,418365,,Yes,SSI (HUD),12/14/2015,620.0
94,176,418366,,Yes,SSI (HUD),12/14/2015,733.0
95,178,418367,,Yes,Earned Income (HUD),12/14/2015,1000.0
96,179,401982,,Yes,Other (HUD),12/19/2016,1300.0
97,180,401982,,Yes,Retirement Income From Social Security (HUD),7/1/2015,1300.0
98,187,442949,,Yes,SSI (HUD),12/5/2016,734.0
99,190,1000005,7/30/2019,Yes,Earned Income (HUD),6/12/2019,1200.0
100,191,393810,,Yes,Earned Income (HUD),2/28/2015,1400.0
101,192,172627,,Yes,SSI (HUD),8/1/2015,733.0
102,193,90711,,Yes,SSDI (HUD),8/15/2015,800.0
103,196,287330,12/31/2016,Yes,Earned Income (HUD),6/1/2016,75.0
104,197,287330,,Yes,General Assistance (HUD),7/4/2018,2200.0
105,198,451176,,Yes,SSDI (HUD),3/20/2017,705.0
106,199,451176,,Yes,SSI (HUD),3/20/2017,50.0
107,200,344680,12/23/2018,Yes,Worker's Compensation (HUD),5/14/2018,800.0
108,201,410222,,Yes,Earned Income (HUD),9/3/2015,350.0
109,202,303733,,Yes,Earned Income (HUD),6/2/2016,1600.0
110,203,344698,,Yes,SSI (HUD),10/14/2019,771.0
111,204,270976,,Yes,SSI (HUD),2/16/2015,733.0
112,207,451207,,Yes,Earned Income (HUD),3/13/2017,1200.0
113,208,434832,,Yes,SSDI (HUD),4/23/2018,880.0
114,211,180890,,Yes,SSDI (HUD),4/3/2018,884.0
115,212,369309,8/11/2019,Yes,Earned Income (HUD),12/16/2016,600.0
116,214,189093,,Yes,SSDI (HUD),11/4/2013,700.0
117,215,189093,,Yes,VA Service Connected Disability Compensation (HUD),11/4/2013,569.0
118,216,287399,,Yes,SSDI (HUD),1/14/2014,1384.0
119,222,443052,,Yes,Pension or retirement income from another job (HUD),4/3/2018,440.0
120,223,443052,,Yes,Retirement Income From Social Security (HUD),4/3/2018,1654.0
121,224,1000110,,Yes,SSDI (HUD),6/11/2019,1170.0
122,225,189102,,Yes,Earned Income (HUD),8/26/2019,1000.0
123,226,467633,,Yes,Earned Income (HUD),11/1/2017,200.0
124,228,1000112,,Yes,SSI (HUD),6/10/2019,771.0
125,229,467639,,Yes,SSDI (HUD),7/12/2019,460.0
126,230,467639,,Yes,SSI (HUD),7/12/2019,331.0
127,231,1000135,,Yes,Earned Income (HUD),9/6/2019,400.0
128,232,402129,,Yes,Other (HUD),1/1/2014,1300.0
129,233,402130,,Yes,Earned Income (HUD),7/12/2015,1000.0
130,243,402130,5/21/2019,Yes,Earned Income (HUD),8/1/2016,1200.0
131,245,402130,,Yes,Earned Income (HUD),5/22/2019,1600.0
132,247,352986,,Yes,SSDI (HUD),3/28/2016,841.0
133,249,418524,,Yes,SSDI (HUD),6/4/2018,739.0
134,250,254693,,Yes,SSDI (HUD),3/25/2016,950.0
135,251,254693,,Yes,SSI (HUD),8/12/2011,733.0
136,253,230119,,Yes,Earned Income (HUD),10/1/2018,1600.0
137,254,484080,,Yes,Retirement Income From Social Security (HUD),5/1/2018,1200.0
138,255,443138,,Yes,Earned Income (HUD),5/11/2017,2000.0
139,256,418563,,Yes,Earned Income (HUD),10/1/2016,1200.0
140,259,434958,,Yes,SSDI (HUD),8/4/2016,1500.0
141,261,8993,,Yes,Pension or retirement income from another job (HUD),1/1/2015,1300.0
142,262,8993,,Yes,Pension or retirement income from another job (HUD),5/30/2016,1300.0
143,265,467749,,Yes,SSI (HUD),9/5/2018,27.0
144,266,508715,9/2/2019,Yes,Earned Income (HUD),4/23/2019,1600.0
145,268,508716,7/21/2019,Yes,Earned Income (HUD),4/23/2019,2000.0
146,269,508718,,Yes,Earned Income (HUD),4/23/2019,500.0
147,271,508718,,Yes,Earned Income (HUD),4/24/2019,600.0
148,274,394031,,Yes,Earned Income (HUD),4/21/2015,200.0
149,278,394031,,Yes,Earned Income (HUD),10/25/2017,800.0
150,282,508723,,Yes,Earned Income (HUD),4/23/2019,600.0
151,283,508724,,Yes,SSDI (HUD),4/23/2019,700.0
152,285,418616,,Yes,VA Service Connected Disability Compensation (HUD),5/12/2016,1059.0
153,287,385858,,Yes,Retirement Income From Social Security (HUD),11/25/2015,693.0
154,288,172878,,Yes,Earned Income (HUD),6/3/2019,900.0
155,289,402256,,Yes,Earned Income (HUD),12/1/2015,1680.0
156,290,402257,,Yes,Earned Income (HUD),3/18/2016,800.0
157,291,402258,,Yes,SSI (HUD),3/8/2018,770.0
158,292,385886,,Yes,SSI (HUD),5/28/2016,730.0
159,293,476015,,Yes,Earned Income (HUD),2/26/2018,800.0
160,294,500604,,Yes,SSI (HUD),1/11/2019,671.0
161,295,508797,,Yes,Earned Income (HUD),4/24/2019,800.0
162,296,508798,,Yes,SSI (HUD),4/24/2019,1200.0
163,297,287618,,Yes,SSI (HUD),12/4/2016,733.0
164,299,435077,10/31/2018,Yes,Earned Income (HUD),6/11/2017,1900.0
165,301,353160,,Yes,SSI (HUD),4/10/2019,780.0
166,302,451491,,Yes,SSI (HUD),3/17/2017,735.0
167,306,508838,,Yes,Earned Income (HUD),4/23/2019,1800.0
168,307,369588,,Yes,Earned Income (HUD),2/3/2015,560.0
169,309,271290,,Yes,SSI (HUD),3/5/2018,750.0
170,311,443341,,Yes,Retirement Income From Social Security (HUD),11/9/2016,644.0
171,312,443341,,Yes,VA Non-Service Connected Disability Pension (HUD),11/9/2016,433.0
172,313,410574,,Yes,VA Service Connected Disability Compensation (HUD),9/1/2015,268.0
173,316,418774,,Yes,SSDI (HUD),12/18/2015,1900.0
174,317,353253,,Yes,SSI (HUD),10/2/2017,942.0
175,319,123882,,Yes,Retirement Income From Social Security (HUD),2/6/2013,744.0
176,320,123882,,Yes,VA Service Connected Disability Compensation (HUD),1/1/2014,1288.0
177,329,279539,,Yes,SSI (HUD),7/4/2013,700.0
178,330,279552,,Yes,Earned Income (HUD),11/6/2017,1400.0
179,331,1000452,,Yes,SSDI (HUD),6/22/2019,750.0
180,332,205865,,Yes,SSDI (HUD),8/6/2019,721.0
181,334,82986,,Yes,Earned Income (HUD),1/29/2003,960.0
182,335,181293,,Yes,Earned Income (HUD),6/19/2019,2000.0
183,337,492595,,Yes,SSI (HUD),9/21/2018,750.0
184,338,9273,4/1/2019,Yes,Earned Income (HUD),3/25/2019,3200.0
185,339,443459,,Yes,SSI (HUD),11/5/2016,733.0
186,340,500803,,Yes,Earned Income (HUD),1/10/2019,1200.0
187,341,1096,,Yes,VA Non-Service Connected Disability Pension (HUD),11/20/2017,1015.0
188,342,1097,,Yes,SSI (HUD),1/12/2018,748.0
189,343,476246,6/19/2019,Yes,SSI (HUD),1/16/2019,483.0
190,344,214111,,Yes,SSI (HUD),5/23/2017,600.0
191,345,451680,,Yes,Retirement Income From Social Security (HUD),5/8/2017,900.0
192,348,418916,,Yes,SSI (HUD),9/9/2019,771.0
193,349,402534,,Yes,SSDI (HUD),5/17/2015,498.0
194,350,164980,,Yes,SSI (HUD),5/8/2018,772.0
195,351,361596,,Yes,Retirement Income From Social Security (HUD),1/1/2007,900.0
196,355,427134,,Yes,SSDI (HUD),4/21/2016,132.0
197,356,427134,,Yes,SSI (HUD),4/21/2016,652.0
198,357,500865,3/15/2019,Yes,Earned Income (HUD),1/16/2019,525.0
199,359,279736,,Yes,Earned Income (HUD),5/11/2014,1200.0
200,360,468158,,Yes,SSDI (HUD),1/26/2018,1200.0
201,362,435403,,Yes,SSDI (HUD),7/26/2016,363.0
202,363,435403,,Yes,SSI (HUD),7/26/2016,355.0
203,364,468177,,Yes,General Assistance (HUD),11/9/2017,600.0
204,365,468179,4/1/2018,Yes,General Assistance (HUD),11/13/2017,750.0
205,366,451796,,Yes,SSDI (HUD),3/22/2017,1124.0
206,367,451797,,Yes,SSDI (HUD),3/22/2017,750.0
207,368,394449,,Yes,General Assistance (HUD),12/1/2017,2800.0
208,369,91355,,Yes,SSDI (HUD),10/19/2019,691.0
209,370,320781,,Yes,SSDI (HUD),11/10/1993,900.0
210,407,427284,,Yes,Earned Income (HUD),6/28/2017,800.0
211,408,427284,,Yes,Earned Income (HUD),7/29/2019,600.0
212,409,427284,,Yes,Other (HUD),8/13/2018,800.0
213,410,124181,,Yes,Pension or retirement income from another job (HUD),2/26/2018,1800.0
214,412,476451,,Yes,SSI (HUD),3/15/2018,750.0
215,413,419118,,Yes,SSI (HUD),12/24/2015,733.0
216,414,1000750,,Yes,SSDI (HUD),7/1/2019,647.0
217,415,419122,,Yes,Earned Income (HUD),12/23/2015,600.0
218,416,419123,,Yes,Earned Income (HUD),12/26/2015,2000.0
219,417,419124,,Yes,Earned Income (HUD),9/11/2017,200.0
220,423,509239,,Yes,SSI (HUD),4/29/2019,1394.0
221,424,451900,,Yes,Earned Income (HUD),3/23/2017,2400.0
222,426,451901,,Yes,Earned Income (HUD),3/23/2017,1100.0
223,428,484674,,Yes,Retirement Income From Social Security (HUD),6/18/2018,815.0
224,429,140619,,Yes,SSDI (HUD),12/8/2016,886.0
225,430,288078,,Yes,SSI (HUD),11/17/2015,733.0
226,432,394581,,Yes,SSI (HUD),3/8/1991,733.0
227,433,83289,,Yes,SSDI (HUD),7/8/2019,825.0
228,434,427360,,Yes,Earned Income (HUD),7/29/2019,600.0
229,435,173408,,Yes,Worker's Compensation (HUD),5/2/2018,100.0
230,436,189803,,Yes,SSI (HUD),2/6/2017,732.0
231,441,451981,12/23/2018,Yes,Earned Income (HUD),3/26/2017,1300.0
232,442,451981,,Yes,Earned Income (HUD),12/24/2018,1200.0
233,443,460180,,Yes,SSDI (HUD),8/3/2017,936.0
234,444,173479,,Yes,SSI (HUD),4/17/2018,2136.0
235,445,198059,,Yes,SSDI (HUD),12/6/2017,620.0
236,446,9647,,Yes,SSI (HUD),1/3/2017,735.0
237,448,312758,3/3/2019,Yes,Earned Income (HUD),4/9/2018,500.0
238,449,476599,,Yes,Other (HUD),3/5/2018,1135.0
239,450,173498,,Yes,SSDI (HUD),4/28/2015,789.0
240,451,173498,,Yes,VA Service Connected Disability Compensation (HUD),4/28/2015,1700.0
241,452,378312,1/31/2015,Yes,Earned Income (HUD),9/5/2014,540.0
242,453,378316,12/31/2014,Yes,SSI (HUD),9/6/1968,468.0
243,454,501202,,Yes,SSI (HUD),1/21/2019,740.0
244,455,501203,,Yes,SSI (HUD),1/22/2019,70.0
245,456,181716,,Yes,SSI (HUD),4/21/2016,747.0
246,460,181716,,Yes,SSI (HUD),5/6/2016,747.0
247,465,493023,,Yes,Earned Income (HUD),10/7/2018,600.0
248,466,320994,,Yes,Earned Income (HUD),7/23/2018,1600.0
249,468,124396,,Yes,Earned Income (HUD),9/23/2014,800.0
250,469,329213,,Yes,SSI (HUD),11/5/2015,680.0
251,472,329213,,Yes,SSI (HUD),10/10/2019,730.0
252,475,9728,,Yes,SSDI (HUD),10/22/2013,650.0
253,477,198146,,Yes,SSDI (HUD),5/7/2018,830.0
254,478,386564,,Yes,SSDI (HUD),9/4/2018,853.0
255,480,222730,,Yes,SSI (HUD),12/8/2016,730.0
256,487,427535,,Yes,SSDI (HUD),4/20/2016,1606.0
257,490,288272,,Yes,Earned Income (HUD),1/18/2016,1600.0
258,494,288272,,Yes,Earned Income (HUD),4/19/2016,1600.0
259,499,288272,,Yes,Earned Income (HUD),10/1/2016,900.0
260,500,452111,,Yes,Earned Income (HUD),3/27/2017,2000.0
261,501,1000985,,Yes,Retirement Income From Social Security (HUD),7/15/2019,500.0
262,502,222747,,Yes,SSDI (HUD),8/24/2016,825.0
263,503,222747,,Yes,VA Service Connected Disability Compensation (HUD),8/24/2016,133.0
264,504,443933,,Yes,Earned Income (HUD),10/16/2017,1200.0
265,506,370204,,Yes,Earned Income (HUD),6/14/2014,150.0
266,508,460322,,Yes,Earned Income (HUD),8/6/2017,1360.0
267,509,460324,,Yes,Earned Income (HUD),8/5/2017,2000.0
268,510,460325,,Yes,SSI (HUD),8/5/2017,733.0
269,511,280121,,Yes,SSDI (HUD),4/8/2015,1540.0
270,518,280121,12/31/2014,Yes,SSDI (HUD),6/5/2014,1446.0
271,520,419389,,Yes,Earned Income (HUD),8/26/2018,4000.0
272,521,419391,,Yes,Earned Income (HUD),1/3/2016,2000.0
273,527,419391,,Yes,Earned Income (HUD),10/1/2019,700.0
274,532,484927,,Yes,SSI (HUD),6/20/2018,1200.0
275,533,280135,,Yes,SSDI (HUD),9/15/2017,1056.0
276,534,468555,,Yes,SSI (HUD),7/28/2015,733.0
277,535,468555,,Yes,SSI (HUD),2/13/2016,733.0
278,539,468562,,Yes,SSDI (HUD),11/15/2017,660.0
279,540,468562,,Yes,SSI (HUD),11/15/2017,89.0
280,541,67161,,Yes,SSI (HUD),5/12/2016,733.0
281,543,452193,,Yes,SSDI (HUD),3/25/2017,857.0
282,544,501345,,Yes,SSDI (HUD),1/22/2019,928.0
283,545,501347,,Yes,SSI (HUD),1/22/2019,771.0
284,546,296552,,Yes,SSDI (HUD),9/6/2016,767.0
285,548,370291,,Yes,Retirement Income From Social Security (HUD),4/4/2015,795.0
286,549,370291,,Yes,VA Service Connected Disability Compensation (HUD),4/4/2015,143.0
287,552,386677,2/13/2015,Yes,Unemployment Insurance (HUD),11/9/2014,364.0
288,553,427640,,Yes,SSI (HUD),4/25/2016,733.0
289,555,444026,,Yes,SSDI (HUD),11/7/2016,1000.0
290,556,214669,,Yes,General Assistance (HUD),6/30/2018,2000.0
291,558,370324,,Yes,SSDI (HUD),1/5/2017,755.0
292,559,198302,,Yes,Earned Income (HUD),5/6/2019,500.0
293,560,173737,,Yes,Other (HUD),3/8/2015,480.0
294,563,370346,,Yes,Earned Income (HUD),5/12/2015,1600.0
295,567,476863,1/8/2019,Yes,SSDI (HUD),3/1/2018,780.0
296,568,476863,1/8/2019,Yes,VA Non-Service Connected Disability Pension (HUD),3/1/2018,400.0
297,571,476865,,Yes,SSI (HUD),3/7/2018,815.0
298,572,419523,,Yes,SSI (HUD),1/4/2016,1100.0
299,575,419525,,Yes,Retirement Income From Social Security (HUD),1/14/2017,734.0
300,576,460493,,Yes,SSDI (HUD),8/8/2017,948.0
301,577,460494,,Yes,Earned Income (HUD),8/1/2017,620.0
302,578,427731,,Yes,SSDI (HUD),5/2/2016,641.0
303,580,509654,9/8/2019,Yes,Earned Income (HUD),5/14/2019,1540.0
304,581,124639,11/13/2018,Yes,Earned Income (HUD),3/8/2015,1000.0
305,583,124639,,Yes,Earned Income (HUD),11/14/2018,1400.0
306,584,411378,,Yes,SSI (HUD),9/17/2015,733.0
307,586,157427,,Yes,SSI (HUD),5/15/2017,735.0
308,587,403186,,Yes,SSI (HUD),4/3/2016,733.0
309,592,411380,,Yes,Earned Income (HUD),9/14/2015,1085.0
310,593,411383,,Yes,SSDI (HUD),9/11/2015,1186.0
311,594,108279,,Yes,Earned Income (HUD),4/11/2016,600.0
312,599,411386,,Yes,SSDI (HUD),9/14/2015,771.0
313,600,165623,4/22/2019,Yes,SSI (HUD),7/11/2016,733.0
314,602,165623,,Yes,SSI (HUD),8/26/2019,771.0
315,603,411392,,Yes,SSI (HUD),2/26/2018,750.0
316,604,485129,,Yes,Worker's Compensation (HUD),6/24/2018,1425.0
317,605,395019,,Yes,Earned Income (HUD),3/15/2015,1200.0
318,606,395020,,Yes,SSDI (HUD),3/13/2008,808.0
319,607,468756,,Yes,Retirement Income From Social Security (HUD),11/17/2017,1352.0
320,608,468757,,Yes,Earned Income (HUD),2/6/2018,500.0
321,609,386841,1/5/2015,Yes,Earned Income (HUD),11/20/2014,420.0
322,610,231198,,Yes,Earned Income (HUD),5/21/2018,1200.0
323,611,304942,,Yes,Earned Income (HUD),5/30/2019,1380.0
324,612,436016,,Yes,Earned Income (HUD),8/22/2016,1400.0
325,614,477001,,Yes,Earned Income (HUD),3/6/2018,1000.0
326,615,477001,,Yes,Earned Income (HUD),3/6/2018,700.0
327,620,477002,,Yes,Earned Income (HUD),3/8/2018,800.0
328,621,345932,,Yes,Worker's Compensation (HUD),9/12/2017,960.0
329,622,345932,,Yes,Alimony or Other Spousal Support (HUD),9/15/2017,1000.0
330,624,75599,,Yes,Earned Income (HUD),4/9/2003,
331,625,75599,9/8/2019,Yes,Earned Income (HUD),8/28/2007,800.0
332,626,75599,9/8/2019,Yes,Earned Income (HUD),5/18/2019,1600.0
333,631,67408,,Yes,SSDI (HUD),11/28/2016,814.0
334,632,509783,,Yes,Earned Income (HUD),5/6/2019,1600.0
335,634,411485,,Yes,SSI (HUD),9/21/2015,733.0
336,637,165730,12/31/2017,Yes,SSI (HUD),2/28/1979,733.0
337,639,165730,,Yes,SSI (HUD),5/23/2018,750.0
338,643,485223,,Yes,Worker's Compensation (HUD),6/11/2018,300.0
339,644,296817,,Yes,SSDI (HUD),9/20/2018,853.0
340,647,1001336,,Yes,Earned Income (HUD),4/9/2018,1200.0
341,650,460680,,Yes,Earned Income (HUD),8/1/2018,800.0
342,653,190363,,Yes,Earned Income (HUD),6/26/2017,1500.0
343,654,477092,,Yes,Earned Income (HUD),3/9/2018,1000.0
344,655,477092,,Yes,General Assistance (HUD),3/9/2018,1100.0
345,656,493476,,Yes,SSDI (HUD),10/8/2018,845.0
346,657,264105,,Yes,Earned Income (HUD),11/1/2017,1000.0
347,658,509869,,Yes,Earned Income (HUD),5/7/2019,2100.0
348,659,509874,,Yes,Earned Income (HUD),5/7/2019,2000.0
349,660,296887,12/31/2017,Yes,Retirement Income From Social Security (HUD),4/19/2017,765.0
350,663,296887,4/28/2019,Yes,Retirement Income From Social Security (HUD),9/24/2018,784.0
351,665,296887,,Yes,Retirement Income From Social Security (HUD),4/29/2019,804.0
352,669,1001409,,Yes,SSI (HUD),10/17/2019,791.0
353,670,444360,,Yes,VA Service Connected Disability Compensation (HUD),11/29/2016,133.0
354,671,460751,,Yes,SSI (HUD),8/14/2017,735.0
355,672,460752,,Yes,Earned Income (HUD),11/7/2018,600.0
356,673,419800,,Yes,Earned Income (HUD),1/6/2016,1600.0
357,674,419801,2/1/2016,Yes,Earned Income (HUD),1/2/2016,1920.0
358,675,419801,,Yes,Earned Income (HUD),4/12/2016,1200.0
359,676,206814,,Yes,SSDI (HUD),2/5/2012,795.0
360,678,452581,,Yes,SSDI (HUD),4/1/2017,1628.0
361,679,452581,,Yes,VA Service Connected Disability Compensation (HUD),4/1/2017,3000.0
362,684,452582,,Yes,SSI (HUD),4/3/2017,735.0
363,687,452582,,Yes,SSI (HUD),1/24/2018,750.0
364,694,272366,,Yes,Earned Income (HUD),1/4/2012,400.0
365,695,26624,,Yes,Retirement Income From Social Security (HUD),12/18/2018,1200.0
366,696,411652,,Yes,SSDI (HUD),12/11/2015,900.0
367,697,411652,,Yes,VA Non-Service Connected Disability Pension (HUD),12/11/2015,500.0
368,704,2054,,Yes,Other (HUD),1/1/2014,200.0
369,705,2054,,Yes,SSDI (HUD),1/1/2014,700.0
370,706,2054,9/30/2019,Yes,SSI (HUD),10/14/2011,674.0
371,770,215048,,Yes,Earned Income (HUD),1/17/2017,500.0
372,773,305161,,Yes,SSDI (HUD),12/7/2015,753.0
373,776,149513,5/31/2019,Yes,VA Service Connected Disability Compensation (HUD),12/14/2015,900.0
374,778,149513,,Yes,SSDI (HUD),6/10/2019,1100.0
375,779,403469,,Yes,VA Service Connected Disability Compensation (HUD),8/28/2015,1072.0
376,780,206862,,Yes,Earned Income (HUD),10/8/2009,360.0
377,781,206862,,Yes,SSI (HUD),1/1/2010,771.0
378,784,485403,,Yes,SSI (HUD),7/20/2018,750.0
379,785,100388,,Yes,SSDI (HUD),10/19/2016,720.0
380,786,215080,,Yes,Other (HUD),10/9/2016,600.0
381,791,206895,,Yes,SSDI (HUD),1/27/2017,733.0
382,792,395315,,Yes,Earned Income (HUD),7/10/2016,1500.0
383,793,313400,,Yes,Earned Income (HUD),8/17/2015,600.0
384,795,452667,,Yes,Earned Income (HUD),5/10/2017,1200.0
385,796,477245,,Yes,Earned Income (HUD),3/12/2018,340.0
386,798,1001534,,Yes,Earned Income (HUD),8/2/2019,900.0
387,800,419911,,Yes,SSDI (HUD),1/22/2016,1320.0
388,806,337991,,Yes,SSI (HUD),12/6/2017,735.0
389,809,411719,,Yes,SSI (HUD),1/9/2017,700.0
390,810,469076,,Yes,Other (HUD),3/18/2019,132.0
391,811,419929,,Yes,SSDI (HUD),12/12/2016,760.0
392,812,2142,,Yes,SSDI (HUD),12/18/2015,998.0
393,815,485472,,Yes,SSDI (HUD),6/17/2018,961.0
394,816,387175,,Yes,Earned Income (HUD),12/3/2014,1700.0
395,828,272499,,Yes,SSDI (HUD),1/7/1996,740.0
396,829,133240,,Yes,Earned Income (HUD),6/27/2011,800.0
397,830,411775,,Yes,Earned Income (HUD),9/23/2015,1000.0
398,832,460931,,Yes,SSI (HUD),8/15/2017,735.0
399,833,198791,,Yes,Earned Income (HUD),1/5/2016,500.0
400,838,198803,,Yes,SSDI (HUD),2/14/2017,796.0
401,839,452762,,Yes,SSI (HUD),9/15/2017,735.0
402,841,493723,,Yes,SSI (HUD),10/10/2018,750.0
403,842,428209,6/9/2019,Yes,Earned Income (HUD),5/9/2016,800.0
404,843,428209,,Yes,Earned Income (HUD),6/20/2019,3000.0
405,844,190642,,Yes,SSDI (HUD),7/22/2015,500.0
406,845,190642,,Yes,SSDI (HUD),7/22/2015,475.0
407,846,190642,,Yes,SSI (HUD),7/22/2015,453.0
408,862,420019,,Yes,Earned Income (HUD),1/7/2016,400.0
409,866,272559,,Yes,Pension or retirement income from another job (HUD),4/16/2018,400.0
410,867,272559,,Yes,VA Non-Service Connected Disability Pension (HUD),4/16/2018,670.0
411,868,436421,,Yes,Earned Income (HUD),8/27/2016,1200.0
412,869,75972,,Yes,SSI (HUD),9/13/2019,771.0
413,870,215248,,Yes,SSDI (HUD),1/1/2004,530.0
414,871,215248,,Yes,SSI (HUD),1/1/2004,211.0
415,872,493799,1/10/2019,Yes,Retirement Income From Social Security (HUD),10/8/2018,700.0
416,873,379113,,Yes,SSDI (HUD),1/17/2016,977.0
417,880,182504,,Yes,SSI (HUD),3/9/2015,613.0
418,881,190705,,Yes,VA Service Connected Disability Compensation (HUD),1/1/2013,850.0
419,882,133362,,Yes,SSI (HUD),10/7/2010,664.0
420,883,444667,,Yes,VA Service Connected Disability Compensation (HUD),12/2/2016,1500.0
421,884,84223,,Yes,SSI (HUD),11/25/2014,734.0
422,885,84223,,Yes,SSI (HUD),11/4/2015,733.0
423,891,461064,8/29/2017,Yes,SSDI (HUD),8/16/2017,580.0
424,892,395541,,Yes,SSDI (HUD),3/20/2010,873.0
425,895,395548,3/21/2019,Yes,SSDI (HUD),6/1/2006,847.0
426,899,395548,,Yes,SSDI (HUD),3/22/2019,901.0
427,903,1001777,,Yes,SSDI (HUD),8/12/2019,817.0
428,904,133428,,Yes,SSDI (HUD),2/15/2019,550.0
429,905,133428,,Yes,SSI (HUD),2/15/2019,250.0
430,908,420149,,Yes,Earned Income (HUD),12/22/2016,1000.0
431,909,452931,,Yes,Earned Income (HUD),4/10/2017,500.0
432,912,371020,,Yes,SSI (HUD),6/23/2007,700.0
433,913,452947,,Yes,SSDI (HUD),3/18/2018,1144.0
434,914,444764,9/1/2019,Yes,Earned Income (HUD),5/14/2019,700.0
435,915,387424,,Yes,SSDI (HUD),10/2/2017,623.0
436,917,166240,,Yes,SSI (HUD),10/10/2018,750.0
437,918,2416,,Yes,Earned Income (HUD),12/1/2015,1200.0
438,919,10619,,Yes,SSDI (HUD),1/1/2014,742.0
439,921,362887,,Yes,VA Non-Service Connected Disability Pension (HUD),12/4/2017,1075.0
440,922,362889,,Yes,Earned Income (HUD),10/10/2017,1000.0
441,923,2458,,Yes,SSI (HUD),5/2/2018,750.0
442,926,2465,,Yes,SSI (HUD),4/23/2019,772.0
443,927,477611,4/22/2019,Yes,Worker's Compensation (HUD),3/15/2018,1112.0
444,928,199086,,Yes,Pension or retirement income from another job (HUD),12/11/2015,122.0
445,933,1001911,,Yes,Earned Income (HUD),8/16/2019,240.0
446,934,215484,,Yes,SSDI (HUD),11/20/2017,540.0
447,935,215484,,Yes,SSI (HUD),11/20/2017,160.0
448,936,510435,,Yes,VA Service Connected Disability Compensation (HUD),5/13/2019,111.0
449,937,444910,,Yes,SSDI (HUD),12/5/2016,1200.0
450,938,494064,,Yes,Earned Income (HUD),10/15/2018,800.0
451,939,510453,,Yes,SSDI (HUD),5/10/2019,754.0
452,940,510454,9/5/2019,Yes,Earned Income (HUD),5/11/2019,1440.0
453,941,469497,,Yes,SSI (HUD),11/29/2017,1671.0
454,942,469497,,Yes,VA Service Connected Disability Compensation (HUD),11/29/2017,834.0
455,943,387589,,Yes,Earned Income (HUD),8/6/2019,1100.0
456,944,387590,,Yes,Earned Income (HUD),3/7/2015,750.0
457,945,166411,,Yes,SSDI (HUD),10/23/2019,350.0
458,946,166411,,Yes,SSI (HUD),10/23/2019,350.0
459,947,289294,,Yes,Earned Income (HUD),8/1/2016,600.0
460,948,461331,12/31/2017,Yes,SSI (HUD),8/21/2017,735.0
461,950,199190,7/15/2019,Yes,SSI (HUD),4/22/2013,488.0
462,952,199190,,Yes,SSDI (HUD),7/16/2019,700.0
463,953,1002007,,Yes,Earned Income (HUD),7/17/2019,3000.0
464,954,477723,,Yes,SSDI (HUD),3/18/2018,770.0
465,955,494120,,Yes,VA Service Connected Disability Compensation (HUD),10/19/2018,2900.0
466,956,428593,,Yes,Child Support (HUD),7/30/2016,130.0
467,957,428593,,Yes,Other (HUD),7/30/2016,375.0
468,958,428596,,Yes,SSDI (HUD),5/13/2016,780.0
469,961,166457,,Yes,Earned Income (HUD),8/15/2015,1800.0
470,965,485955,,Yes,SSDI (HUD),7/4/2018,750.0
471,966,363080,,Yes,Earned Income (HUD),1/1/2014,1200.0
472,967,510543,,Yes,Earned Income (HUD),5/13/2019,2000.0
473,968,453206,,Yes,Earned Income (HUD),4/5/2017,1000.0
474,969,453208,,Yes,SSDI (HUD),4/10/2017,735.0
475,971,133728,,Yes,SSDI (HUD),5/4/2017,800.0
476,972,420459,,Yes,Worker's Compensation (HUD),3/21/2018,200.0
477,973,387703,,Yes,Earned Income (HUD),2/8/2015,850.0
478,987,174737,,Yes,SSDI (HUD),2/2/2017,760.0
479,988,207506,6/15/2018,Yes,Earned Income (HUD),2/20/2017,2000.0
480,990,412307,,Yes,Earned Income (HUD),9/28/2015,1300.0
481,995,141979,,Yes,Pension or retirement income from another job (HUD),12/13/2016,237.0
482,996,428703,,Yes,Earned Income (HUD),5/16/2016,1000.0
483,999,395939,12/18/2017,Yes,Earned Income (HUD),2/1/2016,1980.0
484,1000,420527,,Yes,Earned Income (HUD),1/15/2016,700.0
485,1002,494261,4/22/2019,Yes,Earned Income (HUD),10/17/2018,800.0
486,1003,494261,,Yes,Earned Income (HUD),7/5/2019,1200.0
487,1004,494262,,Yes,SSDI (HUD),10/17/2018,861.0
488,1005,469688,,Yes,Earned Income (HUD),12/1/2017,600.0
489,1006,469689,,Yes,Earned Income (HUD),11/30/2017,2000.0
490,1007,330427,,Yes,Retirement Income From Social Security (HUD),6/1/2012,830.0
491,1008,330427,,Yes,SSDI (HUD),3/14/2013,812.0
492,1017,215739,10/15/2018,Yes,SSDI (HUD),7/27/2017,735.0
493,1019,109242,,Yes,SSDI (HUD),12/22/2000,600.0
494,1020,109242,,Yes,SSI (HUD),1/11/2006,716.0
495,1021,1002177,,Yes,Retirement Income From Social Security (HUD),8/26/2019,804.0
496,1022,174801,,Yes,Earned Income (HUD),4/11/2016,800.0
497,1023,363216,,Yes,SSDI (HUD),2/10/2018,1018.0
498,1024,445154,,Yes,SSI (HUD),12/9/2016,488.0
499,1026,445155,,Yes,Earned Income (HUD),12/9/2016,200.0
500,1027,461539,10/2/2017,Yes,Earned Income (HUD),8/24/2017,1000.0
501,1029,461539,,Yes,Worker's Compensation (HUD),10/2/2017,1600.0
502,1030,461540,,Yes,Earned Income (HUD),8/23/2017,2000.0
503,1031,174821,,Yes,SSDI (HUD),6/17/2018,1002.0
504,1032,445161,,Yes,Earned Income (HUD),5/1/2017,1200.0
505,1033,445162,,Yes,Retirement Income From Social Security (HUD),12/8/2016,593.0
506,1034,1002210,,Yes,Pension or retirement income from another job (HUD),8/26/2019,1254.0
507,1035,1002210,,Yes,SSDI (HUD),8/26/2019,190.0
508,1036,248566,,Yes,Earned Income (HUD),4/17/2012,1200.0
509,1041,428792,,Yes,Earned Income (HUD),5/17/2016,1000.0
510,1042,404217,12/31/2016,Yes,Earned Income (HUD),7/7/2015,800.0
511,1043,404217,,Yes,Earned Income (HUD),7/7/2015,800.0
512,1060,428793,,Yes,SSDI (HUD),5/17/2016,1300.0
513,1064,436993,,Yes,SSDI (HUD),9/4/2016,644.0
514,1065,436993,,Yes,SSI (HUD),9/4/2016,109.0
515,1068,436994,,Yes,SSI (HUD),9/2/2016,733.0
516,1069,436995,,Yes,Earned Income (HUD),9/4/2016,400.0
517,1070,436995,,Yes,SSI (HUD),9/4/2016,765.0
518,1071,1002246,,Yes,Retirement Income From Social Security (HUD),8/22/2019,940.0
519,1072,215821,,Yes,Worker's Compensation (HUD),4/15/2015,800.0
520,1073,19229,,Yes,Earned Income (HUD),4/9/2003,
521,1074,19229,,Yes,Earned Income (HUD),3/6/2019,800.0
522,1075,281380,,Yes,VA Service Connected Disability Compensation (HUD),12/8/2017,1074.0
523,1076,289580,,Yes,Earned Income (HUD),2/12/2016,400.0
524,1078,469821,,Yes,SSI (HUD),11/26/2017,783.0
525,1079,174922,,Yes,SSI (HUD),9/16/2014,721.0
526,1080,314203,,Yes,SSDI (HUD),6/29/2018,1200.0
527,1081,420702,12/31/2016,Yes,SSI (HUD),1/19/2016,703.0
528,1083,420702,,Yes,SSI (HUD),2/13/2018,720.0
529,1084,109426,,Yes,SSDI (HUD),8/3/2015,978.0
530,1086,109426,5/27/2019,Yes,SSDI (HUD),8/10/2016,978.0
531,1090,109426,,Yes,SSDI (HUD),5/28/2019,1001.0
532,1093,109426,,Yes,SSI (HUD),10/22/2019,893.0
533,1098,363382,,Yes,Earned Income (HUD),7/5/2014,1200.0
534,1104,1002377,,Yes,Earned Income (HUD),9/3/2019,1700.0
535,1105,461711,,Yes,SSDI (HUD),8/25/2017,1200.0
536,1106,1002385,,Yes,SSDI (HUD),9/3/2019,888.0
537,1107,355220,12/31/2014,Yes,SSI (HUD),1/16/2014,282.0
538,1108,355220,,Yes,SSI (HUD),10/23/2014,733.0
539,1109,412579,,Yes,Earned Income (HUD),10/5/2015,960.0
540,1110,363433,,Yes,Earned Income (HUD),2/2/2016,400.0
541,1113,19369,,Yes,SSI (HUD),1/27/2019,1000.0
542,1114,207787,,Yes,SSDI (HUD),1/1/2014,740.0
543,1117,412591,,Yes,SSDI (HUD),9/17/2019,725.0
544,1118,322489,,Yes,Earned Income (HUD),7/16/2016,650.0
545,1121,510912,,Yes,Earned Income (HUD),5/21/2019,720.0
546,1122,199637,,Yes,Earned Income (HUD),5/7/2018,2000.0
547,1123,420825,,Yes,SSDI (HUD),1/3/2017,558.0
548,1124,420825,,Yes,SSI (HUD),1/3/2017,193.0
549,1125,396254,,Yes,SSI (HUD),10/27/2015,700.0
550,1126,494565,,Yes,SSI (HUD),10/1/2019,500.0
551,1127,289783,,Yes,Earned Income (HUD),2/5/2019,2400.0
552,1128,248846,,Yes,Earned Income (HUD),8/9/2014,700.0
553,1129,486416,1/28/2019,Yes,SSI (HUD),9/5/2018,750.0
554,1130,355355,,Yes,Earned Income (HUD),12/1/2015,925.0
555,1132,158747,,Yes,SSDI (HUD),12/21/2015,1550.0
556,1133,420897,,Yes,SSDI (HUD),1/22/2016,772.0
557,1137,388135,,Yes,SSI (HUD),12/11/1987,720.0
558,1138,388135,,Yes,TANF (HUD),4/14/2015,175.0
559,1150,379949,,Yes,Earned Income (HUD),9/26/2014,1400.0
560,1151,1002542,,Yes,Earned Income (HUD),9/19/2019,1750.0
561,1152,412724,,Yes,SSI (HUD),10/6/2015,733.0
562,1153,1002547,,Yes,Earned Income (HUD),9/9/2019,1480.0
563,1154,453690,,Yes,Earned Income (HUD),4/26/2017,1000.0
564,1157,191565,,Yes,SSI (HUD),1/1/2013,771.0
565,1158,429149,1/31/2019,Yes,Earned Income (HUD),7/1/2016,1200.0
566,1159,429149,,Yes,Earned Income (HUD),2/1/2019,600.0
567,1162,429149,,Yes,Earned Income (HUD),10/14/2019,250.0
568,1165,429152,,Yes,SSDI (HUD),5/23/2016,730.0
569,1169,429152,,Yes,SSI (HUD),2/22/2017,600.0
570,1174,175198,,Yes,VA Service Connected Disability Compensation (HUD),9/20/2012,1379.0
571,1177,363624,,Yes,SSI (HUD),6/6/2019,771.0
572,1179,363624,6/5/2019,Yes,SSDI (HUD),1/1/1999,750.0
573,1182,437376,,Yes,Earned Income (HUD),9/8/2016,1500.0
574,1183,437377,,Yes,SSDI (HUD),9/8/2016,1200.0
575,1184,420997,,Yes,SSI (HUD),1/27/2016,476.0
576,1185,420997,,Yes,VA Non-Service Connected Disability Pension (HUD),1/27/2016,1072.0
577,1186,322709,,Yes,SSI (HUD),4/13/2015,733.0
578,1189,248984,,Yes,SSI (HUD),6/22/2011,674.0
579,1190,248988,,Yes,SSI (HUD),12/1/2010,674.0
580,1194,330916,,Yes,SSDI (HUD),1/25/2018,1200.0
581,1196,412856,,Yes,Earned Income (HUD),4/1/2016,1200.0
582,1197,183537,7/1/2018,Yes,Earned Income (HUD),9/10/2017,300.0
583,1200,232698,,Yes,Earned Income (HUD),12/6/2016,700.0
584,1201,158981,,Yes,Earned Income (HUD),1/4/2016,700.0
585,1210,445701,,Yes,SSDI (HUD),12/19/2016,616.0
586,1212,298245,,Yes,SSDI (HUD),8/23/2012,170.0
587,1213,298245,,Yes,SSI (HUD),8/23/2012,602.0
588,1214,275833,,Yes,Earned Income (HUD),12/17/2018,400.0
589,1215,470290,2/24/2019,Yes,General Assistance (HUD),12/4/2017,1000.0
590,1217,412975,,Yes,Earned Income (HUD),10/5/2015,700.0
591,1218,478519,,Yes,VA Non-Service Connected Disability Pension (HUD),3/28/2018,1300.0
592,1219,339258,,Yes,SSI (HUD),7/8/2019,775.0
593,1220,322898,,Yes,Retirement Income From Social Security (HUD),4/26/2016,839.0
594,1221,322898,,Yes,SSDI (HUD),4/26/2006,839.0
595,1233,167253,,Yes,SSDI (HUD),1/1/2015,900.0
596,1236,380246,,Yes,Earned Income (HUD),9/25/2014,1500.0
597,1240,396639,,Yes,SSI (HUD),7/27/2017,731.0
598,1243,118116,,Yes,Earned Income (HUD),7/9/2018,1000.0
599,1245,503164,,Yes,SSDI (HUD),4/1/2019,897.0
600,1246,503164,,Yes,Earned Income (HUD),5/28/2019,779.0
601,1248,470402,,Yes,SSI (HUD),12/11/2017,490.0
602,1249,175495,,Yes,Earned Income (HUD),10/1/2015,1000.0
603,1251,437666,,Yes,Earned Income (HUD),9/6/2016,400.0
604,1252,1002914,,Yes,Earned Income (HUD),8/20/2019,1600.0
605,1253,429484,,Yes,SSDI (HUD),5/29/2016,1000.0
606,1254,429485,,Yes,Earned Income (HUD),5/27/2016,1800.0
607,1256,495022,,Yes,SSDI (HUD),10/24/2018,894.0
608,1258,322997,,Yes,SSDI (HUD),4/6/2015,840.0
609,1259,322997,,Yes,SSDI (HUD),11/9/2015,960.0
610,1287,298422,,Yes,SSDI (HUD),8/3/2018,566.0
611,1288,175551,,Yes,General Assistance (HUD),1/15/2018,1160.0
612,1290,159188,,Yes,TANF (HUD),12/24/2018,788.0
613,1292,191960,,Yes,Retirement Income From Social Security (HUD),5/28/2019,1037.0
614,1293,232921,,Yes,Earned Income (HUD),1/3/2017,500.0
615,1294,183775,6/1/2018,Yes,Earned Income (HUD),8/1/2017,2000.0
616,1295,183775,6/12/2019,Yes,Earned Income (HUD),9/1/2018,1920.0
617,1296,19938,,Yes,SSDI (HUD),12/14/2015,650.0
618,1297,19938,,Yes,Earned Income (HUD),12/20/2015,800.0
619,1303,314853,,Yes,SSDI (HUD),4/13/2015,1296.0
620,1307,167439,,Yes,SSI (HUD),4/19/2014,774.0
621,1316,192021,,Yes,SSI (HUD),6/1/2013,710.0
622,1320,216598,,Yes,SSDI (HUD),5/13/2016,550.0
623,1321,216598,,Yes,SSI (HUD),5/13/2016,184.0
624,1330,462367,,Yes,SSDI (HUD),9/1/2017,697.0
625,1331,462367,,Yes,SSI (HUD),9/1/2017,54.0
626,1332,1003061,,Yes,SSI (HUD),9/18/2019,755.0
627,1333,192056,,Yes,SSI (HUD),10/14/2016,733.0
628,1334,421434,12/20/2018,Yes,VA Service Connected Disability Compensation (HUD),2/1/2016,2915.0
629,1337,421434,,Yes,VA Service Connected Disability Compensation (HUD),12/21/2018,2973.0
630,1338,503355,,Yes,Earned Income (HUD),2/15/2019,800.0
631,1341,355911,,Yes,SSDI (HUD),1/23/2014,740.0
632,1343,249417,,Yes,Earned Income (HUD),10/26/2015,1500.0
633,1344,257614,9/30/2018,Yes,Unemployment Insurance (HUD),7/23/2018,956.0
634,1345,405095,,Yes,SSI (HUD),7/15/2015,733.0
635,1346,503401,,Yes,SSI (HUD),2/21/2019,268.0
636,1347,503403,,Yes,Earned Income (HUD),2/18/2019,900.0
637,1349,503404,,Yes,SSDI (HUD),2/18/2019,663.0
638,1352,110192,,Yes,SSDI (HUD),2/4/2016,755.0
639,1353,446077,,Yes,Retirement Income From Social Security (HUD),12/23/2016,300.0
640,1354,446077,,Yes,SSDI (HUD),12/23/2016,1700.0
641,1355,421503,,Yes,Earned Income (HUD),12/29/2016,1230.04
642,1359,380554,,Yes,Worker's Compensation (HUD),12/2/2017,1680.0
643,1360,487060,,Yes,SSI (HUD),7/18/2018,750.0
644,1361,290465,,Yes,SSDI (HUD),6/4/2012,667.0
645,1368,1003175,,Yes,Other (HUD),9/23/2019,5000.0
646,1369,1003175,,Yes,Retirement Income From Social Security (HUD),9/23/2019,1350.0
647,1370,478890,,Yes,SSI (HUD),4/3/2018,991.0
648,1371,478891,,Yes,Earned Income (HUD),4/3/2018,600.0
649,1373,478893,,Yes,Earned Income (HUD),4/3/2018,1600.0
650,1374,454320,,Yes,SSI (HUD),5/2/2017,735.0
651,1375,396973,,Yes,VA Service Connected Disability Compensation (HUD),4/9/2015,1059.0
652,1376,511675,,Yes,VA Non-Service Connected Disability Pension (HUD),7/12/2019,1100.0
653,1377,159422,,Yes,SSI (HUD),5/9/2016,738.0
654,1380,200387,,Yes,Earned Income (HUD),4/11/2016,1200.0
655,1385,134851,,Yes,SSDI (HUD),12/10/2012,620.0
656,1387,224968,,Yes,Earned Income (HUD),7/29/2016,1400.0
657,1388,143061,12/31/2015,Yes,Earned Income (HUD),6/28/2014,1600.0
658,1394,143061,,Yes,SSDI (HUD),10/1/2018,400.0
659,1396,421596,,Yes,SSI (HUD),4/11/2016,733.0
660,1398,331491,10/1/2016,Yes,Earned Income (HUD),10/19/2015,500.0
661,1403,233199,,Yes,Earned Income (HUD),10/10/2019,2345.0
662,1404,265976,,Yes,VA Non-Service Connected Disability Pension (HUD),3/7/2016,1200.0
663,1405,151291,,Yes,Pension or retirement income from another job (HUD),10/6/2016,264.0
664,1406,151291,,Yes,SSI (HUD),10/6/2016,489.0
665,1407,462598,,Yes,SSDI (HUD),9/7/2017,740.0
666,1408,462600,,Yes,SSI (HUD),9/7/2017,730.0
667,1409,462599,,Yes,SSI (HUD),9/8/2017,780.0
668,1410,208659,,Yes,Earned Income (HUD),1/26/2017,600.0
669,1411,495393,,Yes,SSI (HUD),6/27/2018,750.0
670,1413,175906,,Yes,Earned Income (HUD),8/16/2019,1300.0
671,1414,438076,,Yes,SSDI (HUD),9/16/2016,909.0
672,1415,184123,,Yes,Worker's Compensation (HUD),3/14/2018,270.0
673,1416,184122,,Yes,Earned Income (HUD),5/23/2018,1098.0
674,1417,421698,,Yes,Earned Income (HUD),6/26/2017,1200.0
675,1418,405331,,Yes,Earned Income (HUD),5/9/2016,1200.0
676,1423,167781,,Yes,VA Service Connected Disability Compensation (HUD),1/6/2018,1365.0
677,1424,135019,,Yes,SSDI (HUD),9/4/2019,822.0
678,1426,3953,,Yes,SSDI (HUD),8/24/2015,800.0
679,1427,167802,,Yes,SSDI (HUD),5/18/2019,918.0
680,1429,503688,,Yes,VA Service Connected Disability Compensation (HUD),2/20/2019,1127.0
681,1430,208782,,Yes,SSDI (HUD),9/8/1983,633.0
682,1431,208782,,Yes,SSDI (HUD),2/14/1984,658.0
683,1432,208782,,Yes,VA Service Connected Disability Compensation (HUD),2/14/1984,380.0
684,1436,1003407,,Yes,Earned Income (HUD),9/30/2019,800.0
685,1437,397201,,Yes,SSDI (HUD),4/9/2015,710.0
686,1438,397201,,Yes,SSI (HUD),4/9/2015,43.0
687,1443,364437,,Yes,Earned Income (HUD),6/12/2017,1600.0
688,1444,216983,,Yes,Earned Income (HUD),4/8/2015,1000.0
689,1445,421788,,Yes,VA Service Connected Disability Compensation (HUD),2/18/2016,978.0
690,1447,200622,,Yes,Earned Income (HUD),1/15/2013,460.0
691,1448,200622,,Yes,Earned Income (HUD),6/19/2017,1075.0
692,1449,446388,,Yes,SSI (HUD),1/3/2017,740.0
693,1450,421813,,Yes,SSDI (HUD),2/5/2016,700.0
694,1452,421813,,Yes,VA Non-Service Connected Disability Pension (HUD),1/7/2019,200.0
695,1455,110517,,Yes,Earned Income (HUD),1/25/2007,312.0
696,1456,438203,,Yes,SSI (HUD),10/16/2017,400.0
697,1457,167874,,Yes,Earned Income (HUD),10/3/2015,1200.0
698,1458,421826,,Yes,Earned Income (HUD),2/27/2016,1500.0
699,1459,135107,,Yes,SSI (HUD),2/3/2017,733.0
700,1461,274376,12/31/2017,Yes,VA Service Connected Disability Compensation (HUD),4/28/2017,1256.0
701,1462,274376,,Yes,VA Service Connected Disability Compensation (HUD),12/17/2018,2973.0
702,1463,487375,,Yes,VA Service Connected Disability Compensation (HUD),5/23/2018,738.0
703,1464,462808,,Yes,SSI (HUD),9/11/2017,669.0
704,1465,462809,,Yes,SSDI (HUD),9/11/2017,1078.0
705,1466,4064,,Yes,Earned Income (HUD),11/22/2016,800.0
706,1467,323558,,Yes,SSDI (HUD),1/13/2016,854.0
707,1468,167911,4/9/2019,Yes,VA Service Connected Disability Compensation (HUD),4/7/2015,2906.0
708,1472,430061,,Yes,SSI (HUD),2/26/2018,473.0
709,1473,184306,,Yes,SSDI (HUD),2/27/2012,672.0
710,1474,167933,,Yes,SSDI (HUD),6/27/2017,800.0
711,1476,397313,,Yes,Earned Income (HUD),4/13/2015,800.0
712,1477,397313,,Yes,Pension or retirement income from another job (HUD),4/13/2015,1000.0
713,1482,495616,,Yes,Earned Income (HUD),7/14/2019,300.0
714,1483,479279,,Yes,SSI (HUD),5/15/2018,735.0
715,1484,1003567,,Yes,SSDI (HUD),10/3/2019,750.0
716,1485,1003567,,Yes,SSI (HUD),1/3/2009,750.0
717,1488,421938,,Yes,Earned Income (HUD),4/11/2016,800.0
718,1489,421939,,Yes,SSI (HUD),2/8/2016,600.0
719,1493,249916,,Yes,SSI (HUD),8/1/2017,735.0
720,1494,479292,,Yes,Earned Income (HUD),5/25/2018,1544.0
721,1495,1003586,,Yes,SSDI (HUD),9/30/2019,875.0
722,1496,1003586,,Yes,SSI (HUD),9/30/2019,139.0
723,1497,454737,,Yes,SSDI (HUD),5/9/2017,833.0
724,1498,1003614,,Yes,Retirement Income From Social Security (HUD),10/4/2019,791.0
725,1499,1003627,,Yes,Earned Income (HUD),10/4/2019,768.0
726,1500,159852,,Yes,SSI (HUD),8/23/2019,771.0
727,1501,397426,,Yes,Earned Income (HUD),4/14/2015,1820.0
728,1502,274547,,Yes,SSI (HUD),7/16/2017,735.0
729,1504,274547,,Yes,SSI (HUD),12/10/2017,488.0
730,1505,479359,,Yes,Earned Income (HUD),5/25/2018,1600.0
731,1506,1003651,,Yes,SSI (HUD),10/7/2019,854.0
732,1507,233619,,Yes,Earned Income (HUD),11/1/2016,1800.0
733,1509,233619,,Yes,Earned Income (HUD),8/23/2017,2000.0
734,1510,422042,,Yes,Earned Income (HUD),9/22/2017,1500.0
735,1511,430243,,Yes,Earned Income (HUD),7/5/2016,1200.0
736,1512,430244,3/9/2019,Yes,Earned Income (HUD),6/8/2016,300.0
737,1514,430244,3/9/2019,Yes,Earned Income (HUD),6/15/2016,1200.0
738,1517,430244,,Yes,Earned Income (HUD),3/10/2019,800.0
739,1518,290980,,Yes,Earned Income (HUD),7/12/2012,1200.0
740,1519,290980,,Yes,Earned Income (HUD),3/14/2015,1380.0
741,1520,217257,,Yes,SSDI (HUD),7/6/2019,1000.0
742,1521,397538,,Yes,Earned Income (HUD),2/15/2015,1440.0
743,1524,487665,,Yes,Earned Income (HUD),7/23/2018,1600.0
744,1525,413940,,Yes,Earned Income (HUD),2/15/2016,600.0
745,1526,430325,,Yes,SSI (HUD),6/7/2016,776.0
746,1529,4347,,Yes,VA Service Connected Disability Compensation (HUD),12/8/2017,1074.0
747,1530,1003773,,Yes,SSI (HUD),10/17/2019,899.0
748,1531,340231,,Yes,SSI (HUD),6/14/2018,600.0
749,1532,463114,9/2/2019,Yes,Earned Income (HUD),7/1/2018,1200.0
750,1534,225552,,Yes,Earned Income (HUD),8/15/2015,1560.0
751,1536,225552,,Yes,Earned Income (HUD),12/14/2015,1200.0
752,1537,471315,,Yes,SSI (HUD),12/28/2017,735.0
753,1538,413993,,Yes,SSDI (HUD),10/19/2015,700.0
754,1539,389431,,Yes,SSDI (HUD),10/5/2015,659.0
755,1541,192832,,Yes,Earned Income (HUD),1/4/2016,3000.0
756,1542,422213,,Yes,Earned Income (HUD),2/11/2016,1200.0
757,1544,340296,,Yes,SSDI (HUD),6/14/2019,486.0
758,1545,340296,,Yes,VA Non-Service Connected Disability Pension (HUD),6/14/2019,666.0
759,1546,397658,,Yes,Earned Income (HUD),4/28/2017,576.0
760,1547,455002,,Yes,SSI (HUD),5/15/2017,735.0
761,1548,495985,,Yes,SSI (HUD),11/1/2018,750.0
762,1550,364915,,Yes,Worker's Compensation (HUD),2/14/2018,200.0
763,1551,110973,,Yes,Earned Income (HUD),11/26/2018,900.0
764,1552,405886,4/29/2019,Yes,Retirement Income From Social Security (HUD),6/1/2018,825.0
765,1553,405886,,Yes,SSI (HUD),4/30/2019,750.0
766,1554,250273,,Yes,SSI (HUD),1/17/2016,603.0
767,1555,184737,,Yes,Child Support (HUD),2/13/2016,300.0
768,1556,184737,,Yes,Earned Income (HUD),2/13/2016,1500.0
769,1559,291236,,Yes,SSI (HUD),9/2/2017,735.0
770,1560,405919,,Yes,VA Service Connected Disability Compensation (HUD),7/21/2015,1072.0
771,1561,348582,,Yes,Earned Income (HUD),1/10/2019,1050.0
772,1562,373160,,Yes,Earned Income (HUD),1/2/2019,1300.0
773,1563,373160,,Yes,Earned Income (HUD),1/2/2019,1672.0
774,1564,405932,,Yes,SSDI (HUD),7/21/2015,1117.0
775,1565,209331,10/8/2019,Yes,Earned Income (HUD),1/15/2018,1200.0
776,1568,127418,,Yes,SSDI (HUD),5/9/2016,1000.0
777,1570,176580,12/31/2017,Yes,Earned Income (HUD),1/1/2016,1600.0
778,1573,373190,,Yes,SSI (HUD),8/15/2014,733.0
779,1576,397767,,Yes,SSDI (HUD),4/17/2015,750.0
780,1578,455112,,Yes,Earned Income (HUD),5/16/2017,1100.0
781,1581,389599,,Yes,VA Non-Service Connected Disability Pension (HUD),1/12/2015,1090.0
782,1582,266721,,Yes,SSI (HUD),5/18/2019,770.0
783,1583,217579,,Yes,SSDI (HUD),1/4/2016,1300.0
784,1586,184832,,Yes,SSDI (HUD),3/10/2016,1022.0
785,1593,168456,,Yes,Earned Income (HUD),7/3/2017,2000.0
786,1596,479753,,Yes,Earned Income (HUD),10/17/2018,800.0
787,1597,479754,,Yes,SSDI (HUD),4/9/2018,778.0
788,1598,479756,4/22/2019,Yes,SSI (HUD),4/9/2018,700.0
789,1599,479756,,Yes,Other (HUD),4/23/2019,276.0
790,1600,479756,,Yes,SSDI (HUD),4/23/2019,726.0
791,1603,184846,,Yes,Earned Income (HUD),3/20/2017,1200.0
792,1604,479757,,Yes,SSDI (HUD),4/9/2018,750.0
793,1605,143887,,Yes,SSDI (HUD),10/2/2019,350.0
794,1606,209444,,Yes,SSDI (HUD),5/11/2019,882.0
795,1607,389683,,Yes,Earned Income (HUD),8/14/2017,1500.0
796,1608,389686,,Yes,Private Disability Insurance (HUD),1/5/2015,610.0
797,1609,487992,,Yes,SSI (HUD),7/30/2018,700.0
798,1610,389688,,Yes,Child Support (HUD),1/5/2015,250.0
799,1611,389688,,Yes,SSI (HUD),1/5/2015,591.0
800,1612,389691,,Yes,SSDI (HUD),1/5/2015,730.0
801,1616,365126,,Yes,SSI (HUD),10/16/2017,735.0
802,1617,160327,,Yes,SSI (HUD),3/7/2016,733.0
803,1618,373323,9/1/2014,Yes,Earned Income (HUD),7/17/2013,880.0
804,1619,217680,,Yes,Earned Income (HUD),4/1/2015,1100.0
805,1620,111217,,Yes,SSDI (HUD),4/9/2015,740.0
806,1623,217728,,Yes,Earned Income (HUD),5/16/2016,600.0
807,1624,438933,,Yes,SSI (HUD),9/26/2016,764.0
808,1627,463514,,Yes,Worker's Compensation (HUD),9/18/2017,400.0
809,1628,463515,,Yes,Earned Income (HUD),9/18/2017,700.0
810,1631,217775,,Yes,SSI (HUD),11/2/2015,733.0
811,1633,168634,,Yes,SSI (HUD),6/8/2009,665.0
812,1635,168637,,Yes,Earned Income (HUD),5/22/2017,1200.0
813,1639,217790,,Yes,SSI (HUD),9/24/2018,750.0
814,1640,447171,,Yes,SSI (HUD),2/17/2017,200.0
815,1641,447171,,Yes,VA Service Connected Disability Compensation (HUD),2/17/2017,400.0
816,1642,348889,,Yes,SSI (HUD),8/3/2018,750.0
817,1643,152288,,Yes,SSDI (HUD),10/19/2017,619.0
818,1644,373473,,Yes,Earned Income (HUD),7/20/2014,1200.0
819,1649,1004266,,Yes,Earned Income (HUD),10/22/2019,1500.0
820,1650,217836,,Yes,Earned Income (HUD),11/13/2014,1600.0
821,1652,185069,,Yes,Earned Income (HUD),7/1/2015,400.0
822,1655,479983,,Yes,SSI (HUD),4/17/2018,750.0
823,1656,258810,,Yes,SSI (HUD),5/21/2018,750.0
824,1658,226049,,Yes,SSI (HUD),3/15/2011,694.0
825,1659,340736,,Yes,Earned Income (HUD),9/28/2015,1600.0
826,1663,496402,,Yes,SSDI (HUD),11/7/2018,800.0
827,1664,332565,,Yes,Earned Income (HUD),12/4/2018,980.0
828,1666,275228,,Yes,SSI (HUD),10/3/2018,750.0
829,1667,381739,,Yes,Earned Income (HUD),10/1/2015,1360.0
830,1668,488240,,Yes,Earned Income (HUD),8/1/2018,1600.0
831,1670,217907,,Yes,SSDI (HUD),1/1/2014,840.0
832,1672,447283,,Yes,SSI (HUD),3/21/2018,665.0
833,1673,168762,,Yes,Earned Income (HUD),8/15/2016,300.0
834,1674,168762,,Yes,Other (HUD),8/15/2016,650.0
835,1679,168762,,Yes,SSDI (HUD),11/1/2016,655.0
836,1683,381763,,Yes,VA Service Connected Disability Compensation (HUD),8/15/2015,300.0
837,1684,201545,,Yes,SSDI (HUD),5/15/2017,746.0
838,1685,176973,,Yes,SSDI (HUD),7/1/2016,1049.0
839,1687,267123,,Yes,SSI (HUD),1/1/2014,721.0
840,1689,439184,,Yes,Earned Income (HUD),12/2/2016,2400.0
841,1691,95125,,Yes,SSI (HUD),11/9/2015,733.0
842,1693,299942,,Yes,Alimony or Other Spousal Support (HUD),12/8/2014,721.0
843,1704,299943,,Yes,Retirement Income From Social Security (HUD),2/8/2015,800.0
844,1705,299943,,Yes,VA Non-Service Connected Disability Pension (HUD),2/8/2015,1100.0
845,1706,381870,,Yes,SSDI (HUD),10/13/1987,740.0
846,1708,168881,,Yes,SSDI (HUD),10/12/2015,623.0
847,1709,168881,,Yes,SSI (HUD),10/12/2015,130.0
848,1710,431031,,Yes,Earned Income (HUD),6/20/2016,1600.0
849,1713,431032,,Yes,SSDI (HUD),6/20/2016,829.0
850,1714,218041,,Yes,Earned Income (HUD),4/1/2019,600.0
851,1715,463800,,Yes,Earned Income (HUD),9/15/2017,850.0
852,1716,152503,,Yes,SSI (HUD),12/17/2018,753.0
853,1717,390076,,Yes,SSDI (HUD),4/1/2003,1100.0
854,1718,373728,,Yes,Pension or retirement income from another job (HUD),11/16/2015,184.0
855,1719,373728,,Yes,SSDI (HUD),11/16/2015,886.0
856,1746,218081,2/15/2016,Yes,Earned Income (HUD),10/17/2015,400.0
857,1748,373730,11/1/2015,Yes,Earned Income (HUD),8/18/2014,1560.0
858,1750,463843,,Yes,Other (HUD),11/6/2018,250.0
859,1751,365574,,Yes,VA Service Connected Disability Compensation (HUD),1/5/2017,600.0
860,1752,177186,,Yes,Earned Income (HUD),7/16/2012,1200.0
861,1753,177186,,Yes,Earned Income (HUD),10/31/2012,1200.0
862,1754,177187,,Yes,SSI (HUD),3/25/2019,885.0
863,1755,169008,,Yes,SSI (HUD),11/14/2016,733.0
864,1759,267315,,Yes,SSDI (HUD),7/1/2016,179.0
865,1760,267315,,Yes,SSI (HUD),7/1/2016,574.0
866,1761,128052,12/31/2018,Yes,SSI (HUD),1/16/2017,735.0
867,1764,390199,,Yes,Earned Income (HUD),12/8/2014,1600.0
868,1765,390199,,Yes,Unemployment Insurance (HUD),1/11/2015,87.0
869,1768,431161,12/2/2018,Yes,Earned Income (HUD),3/19/2018,1500.0
870,1769,431161,,Yes,Earned Income (HUD),12/3/2018,3840.0
871,1771,218168,,Yes,SSDI (HUD),12/31/2010,770.0
872,1772,218171,,Yes,SSI (HUD),2/9/2010,733.0
873,1773,160833,,Yes,SSDI (HUD),10/19/2015,786.0
874,1774,316494,,Yes,SSI (HUD),6/4/2018,750.0
875,1776,177232,,Yes,SSI (HUD),12/7/2017,650.0
876,1777,332883,,Yes,SSI (HUD),8/1/2016,659.0
877,1778,332884,,Yes,SSDI (HUD),6/27/2013,970.0
878,1779,201818,,Yes,SSDI (HUD),4/7/2013,740.0
879,1780,201818,,Yes,SSI (HUD),4/7/2013,13.0
880,1781,160859,,Yes,SSI (HUD),10/1/2015,820.0
881,1783,349279,,Yes,SSI (HUD),6/6/2016,764.0
882,1785,455775,,Yes,Earned Income (HUD),5/22/2017,1120.0
883,1786,357475,,Yes,SSI (HUD),4/4/2017,733.0
884,1787,218215,,Yes,SSDI (HUD),9/23/2017,1181.0
885,1788,357481,,Yes,Child Support (HUD),10/17/2016,700.0
886,1789,357481,,Yes,SSI (HUD),10/17/2016,355.0
887,1790,103533,,Yes,Earned Income (HUD),7/13/2015,700.0
888,1797,472189,,Yes,SSI (HUD),6/28/2019,700.0
889,1798,185474,,Yes,General Assistance (HUD),11/14/2017,700.0
890,1799,201868,,Yes,SSI (HUD),5/3/2018,750.0
891,1800,283791,,Yes,SSDI (HUD),6/4/2018,299.0
892,1801,283791,,Yes,SSI (HUD),6/4/2018,353.0
893,1802,103591,,Yes,SSI (HUD),10/2/2016,733.0
894,1804,185515,11/1/2018,Yes,Earned Income (HUD),3/28/2016,1100.0
895,1811,185515,,Yes,Earned Income (HUD),12/17/2018,1600.0
896,1813,423089,,Yes,SSDI (HUD),2/24/2016,715.0
897,1817,300220,,Yes,SSDI (HUD),2/1/2016,1156.0
898,1818,447680,,Yes,SSI (HUD),1/23/2017,733.0
899,1819,70856,,Yes,SSDI (HUD),10/19/2015,760.0
900,1823,251086,,Yes,SSI (HUD),5/6/2012,733.0
901,1825,373971,12/31/2017,Yes,Earned Income (HUD),5/4/2016,1000.0
902,1826,169182,,Yes,SSI (HUD),5/6/2019,600.0
903,1828,275690,,Yes,SSDI (HUD),12/21/2011,711.0
904,1829,177392,,Yes,SSI (HUD),4/1/2019,771.0
905,1830,128245,,Yes,SSDI (HUD),12/14/2015,704.0
906,1831,439545,,Yes,SSDI (HUD),10/4/2016,779.0
907,1834,390406,,Yes,SSDI (HUD),1/13/2004,988.0
908,1835,349449,,Yes,Earned Income (HUD),10/3/2018,2000.0
909,1836,349449,12/31/2016,Yes,Earned Income (HUD),7/4/2014,1000.0
910,1843,447760,,Yes,SSDI (HUD),5/15/2017,1309.0
911,1844,488736,,Yes,SSI (HUD),8/8/2018,750.0
912,1846,488737,,Yes,Earned Income (HUD),8/8/2018,1200.0
913,1847,120098,,Yes,SSDI (HUD),4/13/2017,763.0
914,1849,464163,,Yes,Earned Income (HUD),9/29/2017,1000.0
915,1850,464164,,Yes,Earned Income (HUD),9/27/2017,1200.0
916,1851,259367,,Yes,Earned Income (HUD),12/17/2018,1000.0
917,1853,415015,,Yes,SSI (HUD),7/16/2019,646.0
918,1855,455984,,Yes,SSDI (HUD),10/19/2017,549.0
919,1856,382261,5/18/2017,Yes,Earned Income (HUD),6/27/2016,1950.0
920,1857,333120,,Yes,SSDI (HUD),12/31/2014,193.0
921,1866,447809,,Yes,Earned Income (HUD),12/7/2016,340.0
922,1868,447807,,Yes,Earned Income (HUD),4/3/2017,1200.0
923,1870,398673,,Yes,SSDI (HUD),2/23/2019,1661.0
924,1871,431448,,Yes,SSDI (HUD),6/24/2016,874.0
925,1872,292185,,Yes,Earned Income (HUD),7/4/2017,1200.0
926,1875,431450,,Yes,SSDI (HUD),6/15/2016,1100.0
927,1876,357728,,Yes,Earned Income (HUD),3/10/2014,1600.0
928,1878,218475,,Yes,SSI (HUD),6/17/2018,570.0
929,1879,415098,,Yes,SSI (HUD),10/31/2015,500.0
930,1880,415099,,Yes,SSI (HUD),11/1/2015,733.0
931,1881,415100,,Yes,Earned Income (HUD),10/31/2015,360.0
932,1882,415101,,Yes,SSDI (HUD),10/30/2015,777.0
933,1883,415103,,Yes,Pension or retirement income from another job (HUD),11/6/2015,600.0
934,1884,423292,,Yes,SSI (HUD),2/27/2016,733.0
935,1885,423291,,Yes,SSDI (HUD),2/26/2016,300.0
936,1886,456071,,Yes,Earned Income (HUD),10/9/2019,760.0
937,1887,497056,,Yes,Earned Income (HUD),11/15/2018,400.0
938,1888,497056,,Yes,Retirement Income From Social Security (HUD),11/15/2018,804.0
939,1889,464307,,Yes,General Assistance (HUD),12/15/2017,2800.0
940,1890,300487,,Yes,Earned Income (HUD),9/24/2019,500.0
941,1891,300487,,Yes,SSDI (HUD),9/24/2019,400.0
942,1894,366028,,Yes,SSDI (HUD),2/21/2018,832.0
943,1895,169422,3/18/2019,Yes,SSDI (HUD),8/21/2015,698.0
944,1896,169422,3/18/2019,Yes,SSI (HUD),8/21/2015,25.0
945,1913,169422,,Yes,SSDI (HUD),3/19/2019,808.0
946,1915,275918,,Yes,SSDI (HUD),6/15/2010,715.0
947,1916,275918,,Yes,SSI (HUD),2/26/2017,769.0
948,1918,275918,,Yes,SSDI (HUD),3/3/2017,769.0
949,1920,169426,,Yes,SSI (HUD),4/17/2017,652.0
950,1921,218579,4/21/2019,Yes,Earned Income (HUD),1/13/2019,375.0
951,1923,407001,,Yes,Earned Income (HUD),8/4/2015,2000.0
952,1925,407001,,Yes,Earned Income (HUD),11/14/2016,1400.0
953,1927,488936,,Yes,VA Non-Service Connected Disability Pension (HUD),10/3/2018,90.0
954,1928,177647,,Yes,SSDI (HUD),12/14/2015,1200.0
955,1930,161265,12/31/2017,Yes,Earned Income (HUD),7/27/2016,1200.0
956,1934,284153,,Yes,Earned Income (HUD),12/1/2015,600.0
957,1935,472573,4/22/2019,Yes,Earned Income (HUD),1/11/2018,350.0
958,1936,415235,,Yes,General Assistance (HUD),1/23/2018,500.0
959,1938,177671,,Yes,SSI (HUD),5/23/2015,600.0
960,1939,366093,,Yes,Earned Income (HUD),1/15/2019,1100.0
961,1940,169498,,Yes,VA Non-Service Connected Disability Pension (HUD),12/21/2017,90.0
962,1941,210475,,Yes,Retirement Income From Social Security (HUD),9/25/2010,664.0
963,1943,439857,,Yes,SSI (HUD),10/4/2016,753.0
964,1944,382535,,Yes,Earned Income (HUD),9/22/2016,500.0
965,1945,398927,,Yes,SSDI (HUD),5/27/1999,980.0
966,1947,251488,3/1/2016,Yes,Earned Income (HUD),7/1/2015,1240.0
967,1948,251488,10/12/2018,Yes,Earned Income (HUD),8/27/2016,1000.0
968,1950,251488,6/1/2015,Yes,Earned Income (HUD),1/15/2015,1014.0
969,1951,226914,,Yes,SSI (HUD),12/12/2016,733.0
970,1953,415333,,Yes,SSI (HUD),11/3/2015,733.0
971,1954,276087,,Yes,Worker's Compensation (HUD),7/30/2017,2500.0
972,1955,439931,,Yes,Retirement Income From Social Security (HUD),4/29/2019,850.0
973,1956,439931,,Yes,VA Service Connected Disability Compensation (HUD),4/29/2019,879.0
974,1957,317063,,Yes,SSI (HUD),11/9/2015,733.0
975,1959,423563,,Yes,SSI (HUD),2/25/2016,733.0
976,1962,104087,,Yes,Earned Income (HUD),6/29/2016,400.0
977,1969,104087,3/3/2019,Yes,Earned Income (HUD),6/5/2017,1000.0
978,1972,104087,,Yes,Earned Income (HUD),4/19/2019,1600.0
979,1975,472730,,Yes,Other (HUD),3/1/2018,50.0
980,1976,489122,12/21/2018,Yes,SSDI (HUD),8/13/2018,800.0
981,1977,415399,,Yes,SSDI (HUD),3/30/2016,660.0
982,1978,415399,,Yes,SSI (HUD),3/30/2016,70.0
983,1985,284328,,Yes,SSDI (HUD),5/12/2018,1620.0
984,1986,284328,,Yes,VA Service Connected Disability Compensation (HUD),5/12/2018,266.0
985,1987,390827,,Yes,SSI (HUD),1/18/2005,733.0
986,1988,448175,12/31/2017,Yes,Earned Income (HUD),1/28/2017,1200.0
987,1989,448175,,Yes,Earned Income (HUD),5/10/2018,1700.0
988,1990,399024,,Yes,Earned Income (HUD),6/10/2015,1000.0
989,1996,399028,,Yes,Earned Income (HUD),8/12/2015,700.0
990,1997,169662,,Yes,SSI (HUD),6/28/2011,674.0
991,1999,382672,6/1/2016,Yes,Earned Income (HUD),10/20/2014,1600.0
992,2001,358124,,Yes,Child Support (HUD),2/18/2014,75.0
993,2004,431858,,Yes,SSI (HUD),6/27/2016,758.0
994,2007,481015,,Yes,Worker's Compensation (HUD),5/1/2018,800.0
995,2008,481016,,Yes,Earned Income (HUD),5/1/2018,950.0
996,2009,497406,,Yes,SSDI (HUD),11/26/2018,780.0
997,2010,497406,,Yes,SSDI (HUD),11/26/2018,775.0
998,2011,374526,,Yes,Unemployment Insurance (HUD),3/2/2015,1200.0
999,2013,120580,6/2/2019,Yes,Other (HUD),6/8/2009,960.0
1000,2014,120580,6/2/2019,Yes,Retirement Income From Social Security (HUD),5/31/2013,990.0
1001,2015,120580,6/2/2019,Yes,SSI (HUD),2/27/2017,1025.0
1002,2016,120580,,Yes,SSDI (HUD),6/3/2019,1047.0
1003,2017,227088,,Yes,SSDI (HUD),9/29/2016,850.0
1004,2018,202524,1/14/2019,Yes,Earned Income (HUD),9/1/2018,1000.0
1005,2019,276269,,Yes,SSI (HUD),12/4/2015,733.0
1006,2025,71472,,Yes,SSDI (HUD),10/10/2016,491.0
1007,2026,71472,,Yes,SSI (HUD),10/10/2016,262.0
1008,2027,423732,,Yes,SSI (HUD),3/6/2016,733.0
1009,2029,333630,,Yes,Earned Income (HUD),5/12/2014,639.0
1010,2030,431954,,Yes,SSI (HUD),7/4/2016,733.0
1011,2031,374609,,Yes,Earned Income (HUD),7/10/2018,1000.0
1012,2032,481110,,Yes,Earned Income (HUD),8/6/2018,1000.0
1013,2033,481111,,Yes,SSDI (HUD),5/2/2018,485.0
1014,2036,456554,,Yes,Earned Income (HUD),6/2/2017,800.0
1015,2038,407414,,Yes,SSDI (HUD),3/21/2017,1062.0
1016,2039,415631,,Yes,SSI (HUD),11/5/2015,730.0
1017,2040,415632,,Yes,SSDI (HUD),11/5/2015,966.0
1018,2041,399249,,Yes,SSDI (HUD),5/6/2012,1400.0
1019,2042,440230,,Yes,Pension or retirement income from another job (HUD),10/7/2016,790.0
1020,2043,440231,,Yes,SSI (HUD),10/10/2016,733.0
1021,2045,464822,,Yes,Earned Income (HUD),10/7/2017,1200.0
1022,2046,464823,,Yes,Earned Income (HUD),10/7/2017,1800.0
1023,2047,464823,,Yes,General Assistance (HUD),10/7/2017,1800.0
1024,2048,464827,,Yes,Earned Income (HUD),10/6/2017,2000.0
1025,2049,464827,,Yes,SSI (HUD),10/6/2017,680.0
1026,2050,473014,,Yes,Earned Income (HUD),1/15/2019,800.0
1027,2051,415679,,Yes,SSI (HUD),9/13/2016,635.0
1028,2052,333763,,Yes,Earned Income (HUD),2/8/2016,1200.0
1029,2061,423879,,Yes,SSDI (HUD),3/7/2016,155.0
1030,2062,317391,9/1/2014,Yes,Earned Income (HUD),1/31/2013,1300.0
1031,2063,391122,,Yes,SSDI (HUD),1/22/2015,974.0
1032,2064,391122,,Yes,VA Service Connected Disability Compensation (HUD),1/22/2015,263.0
1033,2065,399342,,Yes,Earned Income (HUD),5/7/2015,1760.0
1034,2068,415733,,Yes,SSI (HUD),11/6/2015,400.0
1035,2073,415734,,Yes,SSI (HUD),11/12/2015,733.0
1036,2075,440335,,Yes,Earned Income (HUD),10/10/2016,700.0
1037,2076,464948,,Yes,SSI (HUD),10/9/2017,735.0
1038,2077,325687,,Yes,Earned Income (HUD),10/22/2018,1500.0
1039,2079,301121,,Yes,SSI (HUD),6/6/2016,733.0
1040,2082,301121,,Yes,SSI (HUD),11/15/2018,750.0
1041,2083,194645,,Yes,SSDI (HUD),7/8/2016,688.0
1042,2084,194645,,Yes,SSI (HUD),7/8/2016,83.0
1043,2087,481377,,Yes,Other (HUD),5/7/2018,959.0
1044,2088,481377,,Yes,SSDI (HUD),5/7/2018,672.0
1045,2089,424071,,Yes,Earned Income (HUD),3/1/2016,600.0
1046,2090,211088,,Yes,SSI (HUD),1/13/2015,654.0
1047,2093,309393,,Yes,SSDI (HUD),1/9/2018,1500.0
1048,2095,309394,,Yes,SSDI (HUD),4/30/2019,720.0
1049,2096,178324,,Yes,SSI (HUD),6/19/2017,730.0
1050,2099,194712,,Yes,SSDI (HUD),12/24/2018,1300.0
1051,2101,88229,,Yes,SSI (HUD),2/5/2006,740.0
1052,2102,96427,,Yes,VA Service Connected Disability Compensation (HUD),3/16/1985,3500.0
1053,2104,383149,,Yes,Earned Income (HUD),3/11/2015,720.0
1054,2105,448688,,Yes,SSDI (HUD),2/1/2017,924.0
1055,2106,391343,,Yes,SSDI (HUD),1/22/2003,1572.0
1056,2108,96440,,Yes,SSI (HUD),9/6/2018,600.0
1057,2109,489666,,Yes,Retirement Income From Social Security (HUD),8/15/2018,1293.0
1058,2110,186593,,Yes,Earned Income (HUD),4/21/2017,800.0
1059,2114,448742,,Yes,SSDI (HUD),11/18/2016,1200.0
1060,2115,88294,12/31/2017,Yes,SSDI (HUD),7/29/2017,926.0
1061,2116,88294,,Yes,SSDI (HUD),7/7/2018,947.0
1062,2117,194795,,Yes,Earned Income (HUD),10/31/2012,600.0
1063,2122,481515,,Yes,SSI (HUD),5/8/2018,750.0
1064,2123,162032,,Yes,SSI (HUD),1/3/2018,700.0
1065,2125,301301,,Yes,Earned Income (HUD),9/9/2016,400.0
1066,2128,301301,4/12/2019,Yes,Earned Income (HUD),3/4/2019,1100.0
1067,2129,284920,,Yes,SSDI (HUD),6/4/2019,400.0
1068,2130,284920,,Yes,SSI (HUD),6/4/2019,400.0
1069,2131,284920,6/3/2019,Yes,SSDI (HUD),6/15/2001,605.0
1070,2132,415993,,Yes,VA Service Connected Disability Compensation (HUD),11/10/2015,4000.0
1071,2134,252170,,Yes,Earned Income (HUD),6/6/2016,500.0
1072,2138,178445,,Yes,General Assistance (HUD),10/31/2017,700.0
1073,2139,432407,,Yes,Child Support (HUD),7/8/2016,208.0
1074,2140,440604,,Yes,Retirement Income From Social Security (HUD),10/13/2016,1679.0
1075,2141,448799,,Yes,VA Service Connected Disability Compensation (HUD),2/6/2017,1000.0
1076,2143,162085,,Yes,SSI (HUD),6/10/2019,771.0
1077,2144,153907,11/10/2018,Yes,SSDI (HUD),6/17/2018,801.0
1078,2145,489790,,Yes,SSDI (HUD),8/8/2018,601.0
1079,2146,489790,,Yes,SSI (HUD),8/8/2018,169.0
1080,2147,416074,,Yes,Earned Income (HUD),2/18/2019,14.5
1081,2148,178516,,Yes,Earned Income (HUD),2/8/2015,400.0
1082,2149,194903,5/10/2019,Yes,General Assistance (HUD),7/4/2018,720.0
1083,2150,194922,,Yes,SSI (HUD),3/27/2010,805.0
1084,2151,285041,,Yes,SSI (HUD),1/28/2013,710.0
1085,2152,285066,,Yes,SSI (HUD),1/6/2014,721.0
1086,2155,309651,,Yes,Earned Income (HUD),6/5/2015,704.0
1087,2159,489875,,Yes,SSDI (HUD),8/21/2018,1208.0
1088,2160,227732,,Yes,SSI (HUD),6/10/2019,771.0
1089,2162,358806,,Yes,Earned Income (HUD),9/6/2016,350.0
1090,2163,432549,,Yes,SSDI (HUD),3/26/2018,721.0
1091,2164,432549,,Yes,SSI (HUD),3/26/2018,49.0
1092,2165,309677,,Yes,SSDI (HUD),8/22/2016,750.0
1093,2166,473521,,Yes,SSDI (HUD),1/24/2018,500.0
1094,2167,473521,,Yes,SSI (HUD),1/24/2018,233.0
1095,2168,473523,,Yes,SSI (HUD),1/15/2018,750.0
1096,2169,203189,,Yes,Earned Income (HUD),9/12/2016,1680.0
1097,2171,473525,,Yes,Other (HUD),1/21/2018,400.0
1098,2173,326073,3/18/2019,Yes,Earned Income (HUD),9/6/2016,850.0
1099,2174,326073,3/18/2019,Yes,SSDI (HUD),9/6/2016,1597.0
1100,2177,326073,,Yes,Earned Income (HUD),3/19/2019,1200.0
1101,2178,326073,,Yes,SSDI (HUD),3/19/2019,1679.0
1102,2179,6597,,Yes,Earned Income (HUD),2/5/2003,144.0
1103,2180,424403,,Yes,Earned Income (HUD),3/14/2016,800.0
1104,2185,424404,,Yes,SSDI (HUD),3/14/2016,859.0
1105,2187,506343,,Yes,Earned Income (HUD),3/25/2019,1800.0
1106,2189,498153,,Yes,SSI (HUD),4/23/2019,700.0
1107,2190,457200,,Yes,Retirement Income From Social Security (HUD),6/14/2017,1688.0
1108,2192,219636,10/2/2017,Yes,Earned Income (HUD),2/29/2016,1000.0
1109,2195,219636,,Yes,Worker's Compensation (HUD),10/2/2017,1000.0
1110,2196,440820,,Yes,SSI (HUD),10/16/2016,733.0
1111,2198,481784,,Yes,SSDI (HUD),5/9/2018,1013.0
1112,2200,506360,,Yes,Earned Income (HUD),3/22/2019,2400.0
1113,2201,178701,,Yes,SSI (HUD),6/3/2013,707.0
1114,2204,399892,,Yes,SSDI (HUD),6/7/2016,750.0
1115,2208,465430,,Yes,Earned Income (HUD),10/12/2017,1000.0
1116,2209,219671,,Yes,SSI (HUD),10/11/2011,500.0
1117,2213,416285,,Yes,Earned Income (HUD),11/13/2015,600.0
1118,2215,350748,,Yes,SSI (HUD),2/1/2017,732.0
1119,2216,473630,,Yes,Earned Income (HUD),1/18/2018,1200.0
1120,2217,399903,,Yes,SSDI (HUD),5/13/2015,990.0
1121,2219,432679,,Yes,Earned Income (HUD),7/1/2016,1600.0
1122,2220,432679,,Yes,Earned Income (HUD),7/5/2016,1000.0
1123,2221,432681,,Yes,Other (HUD),7/1/2016,4000.0
1124,2224,178760,,Yes,Retirement Income From Social Security (HUD),7/1/2014,1400.0
1125,2225,457295,,Yes,SSI (HUD),6/19/2017,600.0
1126,2226,399969,,Yes,Earned Income (HUD),5/15/2015,1080.0
1127,2227,399969,,Yes,SSI (HUD),9/3/2015,733.0
1128,2228,367206,,Yes,Worker's Compensation (HUD),8/1/2017,678.0
1129,2230,367206,,Yes,Earned Income (HUD),10/5/2019,1920.0
1130,2232,473723,,Yes,Earned Income (HUD),1/26/2018,300.0
1131,2234,350852,,Yes,SSI (HUD),7/3/2019,771.0
1132,2235,416394,,Yes,SSDI (HUD),11/16/2015,1000.0
1133,2241,416395,,Yes,SSI (HUD),11/16/2015,820.0
1134,2243,154253,,Yes,SSI (HUD),9/11/2016,489.0
1135,2244,154253,,Yes,VA Service Connected Disability Compensation (HUD),9/11/2016,266.0
1136,2247,334496,,Yes,SSDI (HUD),2/21/2017,661.0
1137,2248,367285,,Yes,SSDI (HUD),12/14/2005,740.0
1138,2249,391862,,Yes,SSI (HUD),6/7/2016,733.0
1139,2250,400076,,Yes,SSI (HUD),5/18/1997,750.0
1140,2252,457430,,Yes,SSI (HUD),6/19/2017,735.0
1141,2253,465624,,Yes,TANF (HUD),10/16/2017,1469.0
1142,2254,482008,,Yes,SSI (HUD),5/15/2018,725.0
1143,2255,482007,4/10/2019,Yes,Other (HUD),5/14/2018,248.0
1144,2256,482007,4/10/2019,Yes,SSDI (HUD),5/14/2018,620.0
1145,2257,482007,,Yes,Private Disability Insurance (HUD),4/11/2019,246.0
1146,2258,482007,,Yes,SSDI (HUD),4/11/2019,880.0
1147,2259,441070,,Yes,Earned Income (HUD),10/15/2016,1000.0
1148,2260,162560,,Yes,SSDI (HUD),5/3/2019,507.0
1149,2261,260878,12/31/2016,Yes,Earned Income (HUD),8/17/2015,600.0
1150,2262,260878,,Yes,Earned Income (HUD),7/9/2018,800.0
1151,2263,383781,,Yes,SSDI (HUD),1/1/2015,598.0
1152,2264,383781,,Yes,SSI (HUD),1/1/2015,35.0
1153,2273,154406,,Yes,SSI (HUD),3/23/2016,640.0
1154,2274,301864,,Yes,Earned Income (HUD),3/27/2017,2720.0
1155,2276,318262,,Yes,Earned Income (HUD),8/15/2015,1400.0
1156,2279,351045,3/3/2019,Yes,SSI (HUD),2/5/2015,659.0
1157,2280,351045,,Yes,SSI (HUD),10/3/2016,659.0
1158,2282,351045,,Yes,SSI (HUD),3/4/2019,771.0
1159,2286,162631,,Yes,SSI (HUD),4/23/2018,760.0
1160,2287,432969,,Yes,SSDI (HUD),7/5/2016,610.0
1161,2288,432970,,Yes,SSDI (HUD),7/5/2016,699.0
1162,2289,375650,,Yes,SSDI (HUD),8/11/2014,733.0
1163,2290,375650,,Yes,TANF (HUD),8/11/2014,107.0
1164,2291,424809,,Yes,SSI (HUD),3/17/2016,711.0
1165,2292,293739,,Yes,SSI (HUD),4/18/2018,915.0
1166,2293,498539,,Yes,SSDI (HUD),12/15/2018,693.0
1167,2294,129902,12/12/2018,Yes,Earned Income (HUD),9/1/2018,1000.0
1168,2295,334705,,Yes,SSDI (HUD),1/24/2017,1000.0
1169,2296,162677,,Yes,SSI (HUD),10/26/2015,733.0
1170,2297,441221,,Yes,Earned Income (HUD),10/17/2016,1100.0
1171,2303,441221,,Yes,Retirement Income From Social Security (HUD),10/7/2019,421.0
1172,2304,441221,,Yes,Retirement Income From Social Security (HUD),10/7/2019,
1173,2305,187276,,Yes,SSI (HUD),8/15/2015,733.0
1174,2308,498577,,Yes,SSDI (HUD),12/7/2018,695.0
1175,2309,465810,,Yes,SSDI (HUD),12/16/2017,500.0
1176,2310,195489,5/1/2018,Yes,Earned Income (HUD),2/16/2017,800.0
1177,2315,72612,,Yes,SSI (HUD),2/11/2017,750.0
1178,2318,498604,,Yes,Earned Income (HUD),12/8/2018,1600.0
1179,2319,416696,,Yes,SSDI (HUD),2/12/2016,1575.0
1180,2326,392119,,Yes,Earned Income (HUD),1/2/2015,1000.0
1181,2328,277444,,Yes,Earned Income (HUD),10/10/2019,2240.0
1182,2329,433097,,Yes,SSDI (HUD),7/1/2016,625.0
1183,2330,433097,,Yes,SSI (HUD),7/1/2016,90.0
1184,2333,449483,,Yes,Retirement Income From Social Security (HUD),8/26/2019,248.0
1185,2334,449483,,Yes,SSI (HUD),8/26/2019,278.0
1186,2335,449484,,Yes,SSI (HUD),2/14/2017,735.0
1187,2336,146403,,Yes,Earned Income (HUD),1/27/2016,1600.0
1188,2337,465903,,Yes,Earned Income (HUD),3/15/2018,500.0
1189,2338,498675,,Yes,Earned Income (HUD),12/17/2018,400.0
1190,2339,416771,,Yes,SSI (HUD),11/22/2015,733.0
1191,2340,203783,,Yes,Earned Income (HUD),11/8/2012,1000.0
1192,2343,375815,,Yes,SSDI (HUD),12/12/2016,1400.0
1193,2344,474120,,Yes,Earned Income (HUD),1/31/2018,1600.0
1194,2345,474121,,Yes,Earned Income (HUD),1/31/2018,1000.0
1195,2346,113675,,Yes,Earned Income (HUD),9/11/2019,2640.0
1196,2347,211998,,Yes,SSDI (HUD),7/23/2018,528.0
1197,2348,424996,,Yes,Earned Income (HUD),3/21/2016,600.0
1198,2349,424997,,Yes,Earned Income (HUD),4/1/2016,1900.0
1199,2350,367659,,Yes,Earned Income (HUD),6/3/2015,1200.0
1200,2352,375893,,Yes,SSDI (HUD),2/14/2017,803.0
1201,2353,326742,,Yes,SSI (HUD),5/31/2019,746.0
1202,2354,285806,,Yes,Earned Income (HUD),9/11/2017,1000.0
1203,2355,449670,,Yes,Earned Income (HUD),2/13/2017,500.0
1204,2356,433288,,Yes,SSDI (HUD),7/20/2016,500.0
1205,2357,433289,,Yes,Earned Income (HUD),7/18/2016,500.0
1206,2358,220296,10/5/2018,Yes,Earned Income (HUD),9/5/2018,1500.0
1207,2359,318609,,Yes,SSI (HUD),2/13/2013,780.0
1208,2360,384147,,Yes,SSDI (HUD),10/29/2014,1300.0
1209,2364,179356,11/8/2018,Yes,SSDI (HUD),3/1/2018,905.0
1210,2365,179356,,Yes,SSDI (HUD),11/9/2018,920.0
1211,2366,441505,,Yes,Earned Income (HUD),10/22/2016,350.0
1212,2368,441507,,Yes,SSDI (HUD),10/21/2016,585.0
1213,2369,441507,,Yes,SSI (HUD),10/21/2016,95.0
1214,2372,441508,,Yes,Earned Income (HUD),10/22/2016,1600.0
1215,2374,457893,,Yes,SSDI (HUD),6/30/2017,700.0
1216,2376,392382,,Yes,SSI (HUD),2/8/2015,733.0
1217,2377,392389,,Yes,SSI (HUD),2/5/2012,630.0
1218,2379,416982,12/31/2016,Yes,Earned Income (HUD),12/1/2015,925.0
1219,2380,416982,10/8/2018,Yes,Earned Income (HUD),4/29/2018,1000.0
1220,2381,408793,,Yes,Earned Income (HUD),8/17/2015,600.0
1221,2382,433377,,Yes,Earned Income (HUD),7/21/2016,900.0
1222,2383,335080,,Yes,Earned Income (HUD),12/2/2016,200.0
1223,2384,490730,,Yes,Earned Income (HUD),9/1/2018,200.0
1224,2385,195816,,Yes,SSI (HUD),1/1/2015,733.0
1225,2387,490732,,Yes,SSDI (HUD),9/3/2018,730.0
1226,2390,351468,,Yes,SSDI (HUD),7/13/2015,750.0
1227,2391,97518,,Yes,SSDI (HUD),7/7/2016,639.0
1228,2393,318722,,Yes,SSDI (HUD),11/20/2017,800.0
1229,2394,130335,,Yes,SSI (HUD),1/1/2015,733.0
1230,2400,441636,,Yes,Earned Income (HUD),10/24/2016,1200.0
1231,2401,474416,,Yes,SSI (HUD),2/5/2018,350.0
1232,2402,433461,,Yes,Earned Income (HUD),7/24/2016,400.0
1233,2404,294203,,Yes,SSDI (HUD),1/17/2017,727.0
1234,2407,171340,,Yes,Earned Income (HUD),5/15/2017,219.0
1235,2408,384356,,Yes,Earned Income (HUD),10/30/2014,600.0
1236,2411,359796,,Yes,SSI (HUD),2/20/1979,733.0
1237,2412,425364,,Yes,Earned Income (HUD),3/25/2016,300.0
1238,2413,425365,,Yes,Unemployment Insurance (HUD),3/28/2016,640.0
1239,2414,474517,,Yes,Earned Income (HUD),2/6/2018,1600.0
1240,2415,458135,,Yes,VA Service Connected Disability Compensation (HUD),12/8/2017,1400.0
1241,2416,433565,,Yes,SSI (HUD),7/25/2016,650.0
1242,2417,449958,,Yes,Private Disability Insurance (HUD),2/17/2017,120.0
1243,2418,449958,,Yes,SSI (HUD),2/17/2017,930.0
1244,2419,335270,,Yes,SSDI (HUD),3/23/2017,900.0
1245,2420,171435,,Yes,SSDI (HUD),11/6/2015,707.0
1246,2421,171448,,Yes,SSI (HUD),5/8/2018,756.0
1247,2423,171448,,Yes,SSDI (HUD),4/2/2019,741.0
1248,2425,343490,,Yes,Earned Income (HUD),3/23/2015,800.0
1249,2427,466391,,Yes,Earned Income (HUD),11/10/2017,800.0
1250,2429,474593,,Yes,Earned Income (HUD),2/5/2018,800.0
1251,2430,409062,,Yes,Earned Income (HUD),8/16/2015,1650.0
1252,2433,286184,,Yes,Earned Income (HUD),5/18/2019,1600.0
1253,2434,458217,,Yes,Earned Income (HUD),7/4/2017,900.0
1254,2435,458217,,Yes,Earned Income (HUD),7/4/2017,1929.0
1255,2438,417266,,Yes,Earned Income (HUD),11/23/2015,
1256,2439,278004,,Yes,SSI (HUD),7/21/2013,733.0
1257,2440,278004,,Yes,SSI (HUD),1/1/2015,733.0
1258,2447,179707,,Yes,SSI (HUD),11/2/2016,733.0
1259,2448,392703,,Yes,Earned Income (HUD),4/8/2019,600.0
1260,2449,204290,,Yes,SSDI (HUD),10/15/2018,617.0
1261,2450,204290,,Yes,SSI (HUD),10/15/2018,154.0
1262,2453,474630,5/6/2019,Yes,Earned Income (HUD),3/3/2019,2000.0
1263,2454,474631,,Yes,Worker's Compensation (HUD),2/7/2018,850.0
1264,2456,474632,7/18/2018,Yes,SSDI (HUD),2/7/2018,805.0
1265,2458,130576,,Yes,Earned Income (HUD),11/4/2014,1000.0
1266,2459,253473,,Yes,SSDI (HUD),8/10/2011,855.0
1267,2460,441891,10/18/2017,Yes,Earned Income (HUD),3/15/2017,2400.0
1268,2461,499237,,Yes,Earned Income (HUD),12/24/2018,800.0
1269,2462,499239,,Yes,General Assistance (HUD),12/24/2018,800.0
1270,2463,384548,,Yes,SSDI (HUD),10/7/2019,771.0
1271,2464,204335,10/5/2018,Yes,Earned Income (HUD),10/22/2015,1400.0
1272,2467,458307,,Yes,Earned Income (HUD),7/7/2017,800.0
1273,2468,458308,,Yes,SSDI (HUD),7/7/2017,1152.0
1274,2469,466502,,Yes,Earned Income (HUD),4/12/2018,760.0
1275,2470,261739,,Yes,SSDI (HUD),4/11/2016,1113.0
1276,2476,130671,,Yes,SSI (HUD),3/19/2018,770.0
1277,2478,409235,,Yes,Earned Income (HUD),8/17/2015,840.0
1278,2479,81556,,Yes,SSI (HUD),12/15/2017,660.0
1279,2480,409250,,Yes,Other (HUD),3/4/2016,420.0
1280,2481,409250,,Yes,SSI (HUD),3/4/2016,319.0
1281,2484,147114,,Yes,SSI (HUD),9/8/2009,674.0
1282,2485,212660,,Yes,SSDI (HUD),9/11/2019,1060.0
1283,2486,286400,,Yes,SSI (HUD),9/19/2016,659.0
1284,2487,392904,3/31/2019,Yes,Other (HUD),9/12/2016,4000.0
1285,2488,335566,,Yes,Earned Income (HUD),8/12/2016,1600.0
1286,2489,474854,,Yes,SSDI (HUD),2/10/2018,750.0
1287,2491,425704,,Yes,SSDI (HUD),4/1/2016,908.0
1288,2492,425710,,Yes,SSI (HUD),3/28/2016,740.0
1289,2493,442102,,Yes,Earned Income (HUD),10/27/2016,200.0
1290,2494,442103,,Yes,Earned Income (HUD),10/27/2016,800.0
1291,2495,179960,,Yes,SSDI (HUD),12/28/2015,700.0
1292,2499,196342,,Yes,SSI (HUD),1/1/2009,771.0
1293,2500,196342,10/17/2019,Yes,SSI (HUD),10/16/2019,770.0
1294,2501,179965,,Yes,Earned Income (HUD),12/21/2015,1200.0
1295,2505,384776,,Yes,Earned Income (HUD),5/1/2014,500.0
1296,2507,384777,,Yes,Earned Income (HUD),10/1/2014,1600.0
1297,2508,188182,,Yes,Earned Income (HUD),6/4/2014,1300.0
1298,2509,130847,,Yes,SSDI (HUD),9/9/2019,805.0
1299,2510,360237,11/25/2015,Yes,Earned Income (HUD),3/8/2015,380.0
1300,2513,360237,7/18/2018,Yes,Earned Income (HUD),7/19/2016,760.0
1301,2514,360237,,Yes,Earned Income (HUD),11/19/2018,450.0
1302,2518,393036,,Yes,VA Service Connected Disability Compensation (HUD),2/16/2015,4700.0
1303,2520,393039,,Yes,SSDI (HUD),2/15/1979,763.0
1304,2521,311126,,Yes,Earned Income (HUD),6/1/2017,1000.0
1305,2522,507760,,Yes,Retirement Income From Social Security (HUD),4/10/2019,747.0
1306,2523,384883,,Yes,SSI (HUD),8/6/2019,771.0
1307,2525,417655,,Yes,SSDI (HUD),12/3/2015,1000.0
1308,2526,417656,,Yes,Earned Income (HUD),12/3/2015,1400.0
1309,2533,499578,1/9/2019,Yes,Earned Income (HUD),12/28/2018,80.0
1310,2534,180107,,Yes,SSDI (HUD),5/19/2016,1603.0
1311,2535,180107,,Yes,VA Non-Service Connected Disability Pension (HUD),5/19/2016,366.46
1312,2536,212916,12/31/2014,Yes,SSI (HUD),1/1/2014,718.0
1313,2537,278464,,Yes,Worker's Compensation (HUD),3/14/2018,1450.0
1314,2538,73679,,Yes,SSI (HUD),2/10/2017,735.0
1315,2539,335836,,Yes,Earned Income (HUD),9/16/2019,1000.0
1316,2540,204770,,Yes,Earned Income (HUD),11/28/2018,1900.0
1317,2542,409587,,Yes,SSDI (HUD),8/26/2015,960.0
1318,2543,106490,,Yes,SSI (HUD),10/24/2017,730.0
1319,2544,401403,,Yes,SSI (HUD),2/2/2016,648.0
